[
  {
    "dimension": {
      "f_135804_": "minecraft",
      "f_135805_": "overworld"
    },
    "id": "5d9e3826-d67a-4764-8424-8f519d821e51",
    "ownerID": "3dbe9558-f355-376e-8e40-413d3c46cec0",
    "pos": {
      "f_123285_": 615,
      "f_123286_": 115,
      "f_123289_": 633
    },
    "type": 0
  },
  {
    "dimension": {
      "f_135804_": "minecraft",
      "f_135805_": "overworld"
    },
    "id": "3f55caaa-609e-4bc6-a576-ef9d02d61a68",
    "ownerID": "3dbe9558-f355-376e-8e40-413d3c46cec0",
    "pos": {
      "f_123285_": 1129,
      "f_123286_": 65,
      "f_123289_": 198
    },
    "type": 0
  },
  {
    "dimension": {
      "f_135804_": "minecraft",
      "f_135805_": "overworld"
    },
    "id": "c2b76644-c6b1-4ab0-946e-2c444deefad0",
    "ownerID": "3dbe9558-f355-376e-8e40-413d3c46cec0",
    "pos": {
      "f_123285_": 1079,
      "f_123286_": 78,
      "f_123289_": 405
    },
    "type": 0
  },
  {
    "dimension": {
      "f_135804_": "minecraft",
      "f_135805_": "overworld"
    },
    "id": "f489f8da-0f19-472d-b43e-2a21d3c559af",
    "ownerID": "3dbe9558-f355-376e-8e40-413d3c46cec0",
    "pos": {
      "f_123285_": 893,
      "f_123286_": 66,
      "f_123289_": 720
    },
    "type": 0
  }
]