{"stats":{"minecraft:broken":{"minecraft:wooden_sword":1,"minecraft:wooden_axe":1},"minecraft:picked_up":{"ars_nouveau:red_archwood_log":31,"minecraft:charcoal":3,"minecraft:wheat":21,"minecraft:crafting_table":5,"minecraft:leather_leggings":1,"gnumus:gnumus_claw":2,"minecraft:lead":1,"minecraft:gold_block":1,"minecraft:diamond_horse_armor":1,"ars_nouveau:archwood_planks":275,"paraglider:goddess_statue":1,"minecraft:string":4,"minecraft:raw_copper":56,"minecraft:wooden_sword":1,"minecraft:experience_bottle":1,"mysticalagriculture:inferium_essence":21,"minecraft:iron_nugget":1,"minecraft:spruce_slab":1,"minecraft:coal_block":2,"minecraft:sugar_cane":3,"minecraft:birch_sapling":48,"irons_spellbooks:inscription_table":1,"minecraft:furnace":1,"minecraft:raw_iron":1,"minecraft:stick":32,"ars_nouveau:purple_archwood_log":46,"minecraft:oak_fence":2,"minecraft:torch":2,"create:andesite_casing":1,"sophisticatedbackpacks:backpack":1,"minecraft:spruce_fence":2,"ars_nouveau:purple_archwood_sapling":1,"werewolves:raw_silver":16,"werewolves:wolfsbane":5,"minecraft:diorite":18,"vampirism:vampire_fang":3,"minecraft:carrot":2,"minecraft:arrow":1,"minecraft:hay_block":23,"everlastingabilities:ability_bottle":3,"minecraft:cobblestone":345,"minecraft:birch_log":177,"minecraft:leather_chestplate":1,"minecraft:cooked_beef":3,"minecraft:birch_slab":10,"ars_nouveau:archwood_door":9,"minecraft:andesite":207,"minecraft:leather":4,"minecraft:birch_planks":93,"runecraft_metals_of_gielinor:raw_tin":11,"paraglider:spirit_orb":4,"minecraft:flint":3,"evilcraft:flesh_humanoid":2,"minecraft:oak_log":19,"create:andesite_alloy":6,"minecraft:dirt":76,"tombstone:familiar_receptacle":1,"tombstone:gift":1,"irons_spellbooks:common_ink":2,"minecraft:stonecutter":1,"minecraft:bone":5,"minecraft:apple":1,"minecraft:stone_bricks":37,"minecraft:kelp":13,"minecraft:wheat_seeds":88,"minecraft:rabbit_hide":1,"minecraft:iron_ingot":9,"everlastingabilities:ability_totem":1,"minecraft:oak_planks":2,"minecraft:book":6,"minecraft:pumpkin":1,"minecraft:chiseled_stone_bricks":1,"minecraft:raw_iron_block":2,"minecraft:gravel":16,"enigmaticlegacy:enigmatic_amulet":1,"minecraft:sand":403,"minecraft:blast_furnace":1,"minecraft:white_bed":1,"minecraft:spruce_log":1,"vampirism:sunscreen_beacon":4,"minecraft:spider_eye":1,"enigmaticlegacy:cursed_ring":1,"waystones:waystone":2,"minecraft:birch_sign":1,"minecraft:emerald":2,"minecraft:oak_sapling":3,"minecraft:coal":21,"vampirism:hunter_axe_normal":1,"minecraft:oak_leaves":1},"minecraft:dropped":{"minecraft:iron_ingot":6,"minecraft:wheat_seeds":8,"minecraft:birch_planks":21,"vampirism:hunter_axe_enhanced":1,"minecraft:oak_fence":1,"minecraft:leather":2,"everlastingabilities:ability_bottle":1,"minecraft:stick":2,"minecraft:diamond_horse_armor":1,"minecraft:dirt":1,"minecraft:wooden_axe":1,"minecraft:wooden_sword":1,"irons_spellbooks:common_ink":2,"vampirism:sunscreen_beacon":4,"minecraft:birch_log":64,"minecraft:iron_nugget":1,"ars_nouveau:archwood_planks":296,"minecraft:oak_planks":2,"sophisticatedbackpacks:backpack":2,"minecraft:leather_chestplate":1,"torchmaster:megatorch":1,"vampirism:vampire_fang":1,"minecraft:leather_leggings":1,"minecraft:birch_sign":2,"minecraft:wooden_pickaxe":1,"enigmaticlegacy:enigmatic_amulet":1,"minecraft:oak_leaves":1,"minecraft:bread":90},"minecraft:mined":{"minecraft:spruce_planks":1,"minecraft:white_bed":1,"create:andesite_casing":1,"minecraft:spruce_fence":1,"minecraft:grass_block":7,"minecraft:coal_block":2,"mysticalagriculture:inferium_ore":5,"minecraft:chiseled_stone_bricks":1,"minecraft:spawner":2,"minecraft:hay_block":23,"minecraft:raw_iron_block":2,"minecraft:furnace":1,"minecraft:iron_ore":1,"werewolves:wolfsbane":5,"minecraft:andesite":171,"minecraft:pumpkin":1,"minecraft:gold_block":1,"minecraft:bookshelf":2,"ars_nouveau:red_archwood_log":31,"minecraft:dirt_path":1,"minecraft:vine":2,"irons_spellbooks:inscription_table":1,"gnumus:fragile_gnumus_jug":1,"minecraft:stone":195,"minecraft:spruce_slab":1,"ars_nouveau:purple_archwood_log":56,"minecraft:glass_pane":3,"minecraft:kelp_plant":5,"minecraft:oak_fence":1,"minecraft:crafting_table":3,"minecraft:blast_furnace":1,"ars_nouveau:archwood_door":4,"minecraft:copper_ore":10,"minecraft:cobblestone":1,"minecraft:glass":2,"minecraft:sugar_cane":2,"minecraft:oak_planks":1,"minecraft:diorite":6,"minecraft:wall_torch":1,"minecraft:birch_planks":1,"minecraft:birch_log":141,"ars_nouveau:purple_archwood_leaves":15,"ars_nouveau:archwood_planks":21,"tetra:basic_workbench":1,"minecraft:wheat":20,"minecraft:spruce_log":1,"minecraft:birch_leaves":6,"runecraft_metals_of_gielinor:tin_ore":3,"minecraft:grass":4,"minecraft:coal_ore":18,"minecraft:oak_log":19,"minecraft:gravel":8,"minecraft:sand":388,"minecraft:dirt":34,"minecraft:cobweb":4,"minecraft:stonecutter":1,"minecraft:stone_bricks":39,"minecraft:infested_stone":1,"minecraft:oak_leaves":46,"werewolves:silver_ore":11,"paraglider:goddess_statue":1},"minecraft:custom":{"enigmaticlegacy:play_time_with_seven_curses":506686,"lootr:looted_stat":80,"minecraft:mob_kills":9,"minecraft:inspect_hopper":2,"minecraft:interact_with_crafting_table":64,"minecraft:leave_game":2,"minecraft:time_since_death":3238,"minecraft:climb_one_cm":27286,"minecraft:sprint_one_cm":761545,"minecraft:walk_one_cm":795454,"minecraft:drop":47,"minecraft:talked_to_villager":1,"minecraft:play_time":527610,"minecraft:deaths":35,"minecraft:sneak_time":6962,"minecraft:walk_under_water_one_cm":185927,"minecraft:interact_with_lectern":1,"minecraft:interact_with_brewingstand":1,"minecraft:jump":2695,"minecraft:interact_with_blast_furnace":9,"minecraft:walk_on_water_one_cm":96131,"minecraft:total_world_time":527610,"minecraft:interact_with_furnace":38,"tombstone:raider_killed":1,"enigmaticlegacy:play_time_without_seven_curses":19179,"minecraft:sleep_in_bed":5,"minecraft:time_since_rest":2540,"minecraft:waystone_activated":5,"minecraft:damage_taken":14653,"minecraft:damage_dealt":2259,"minecraft:swim_one_cm":101594,"minecraft:fly_one_cm":619892,"minecraft:open_chest":42,"minecraft:crouch_one_cm":7843,"tombstone:undead_killed":1,"minecraft:interact_with_smoker":1,"minecraft:fall_one_cm":277064,"minecraft:horse_one_cm":741},"minecraft:used":{"irons_spellbooks:inscription_table":1,"minecraft:oak_fence":1,"minecraft:chest":2,"minecraft:torch":5,"minecraft:dirt":28,"minecraft:glass":140,"minecraft:wooden_axe":59,"vampirism:sunscreen_beacon":1,"tetra:modular_single":286,"minecraft:lantern":2,"minecraft:stone_bricks":27,"minecraft:bow":1,"ars_nouveau:archwood_door":10,"minecraft:furnace":1,"minecraft:birch_planks":33,"minecraft:oak_planks":8,"minecraft:wooden_pickaxe":28,"minecraft:sand":204,"minecraft:blast_furnace":1,"minecraft:crafting_table":10,"minecraft:birch_sign":1,"ars_nouveau:archwood_planks":85,"tetra:modular_double":830,"minecraft:white_bed":1,"minecraft:oak_log":1,"waystones:waystone":1,"minecraft:apple":4,"tombstone:tablet_of_assistance":1,"minecraft:bread":14,"create:water_wheel":1,"tombstone:grave_key":10,"minecraft:gravel":1,"minecraft:wooden_sword":54,"minecraft:cobblestone":15,"tetra:rack":1,"tetra:modular_bow":1,"minecraft:andesite":52},"minecraft:killed_by":{"irons_spellbooks:priest":7,"minecraft:creeper":1,"minecraft:iron_golem":2,"minecraft:bee":1,"minecraft:silverfish":1,"minecraft:skeleton":4,"minecraft:phantom":3,"minecraft:zombie":6,"vampirism:vampire":1,"gnumus:gnumus_worker":2},"minecraft:killed":{"vampirism:vampire":1,"minecraft:vindicator":1,"gnumus:gnumus_hunter":1,"minecraft:zombie":1,"minecraft:cow":2},"minecraft:crafted":{"minecraft:wooden_sword":1,"minecraft:raw_iron":18,"minecraft:oak_planks":72,"minecraft:coal":18,"minecraft:stone_shovel":1,"ars_nouveau:archwood_planks":248,"minecraft:iron_nugget":36,"irons_spellbooks:wandering_magician_leggings":1,"irons_spellbooks:iron_spell_book":1,"minecraft:chain":2,"minecraft:birch_slab":6,"irons_spellbooks:graybeard_staff":1,"paraglider:deku_leaf":1,"minecraft:glass":147,"ars_nouveau:novice_spell_book":1,"minecraft:iron_axe":1,"ars_nouveau:archwood_door":3,"minecraft:chest":6,"minecraft:oak_fence":3,"tetra:modular_double":2,"minecraft:birch_sign":3,"sophisticatedbackpacks:iron_backpack":2,"torchmaster:megatorch":1,"minecraft:wheat":207,"create:andesite_alloy":16,"minecraft:wooden_shovel":1,"sophisticatedbackpacks:backpack":4,"minecraft:crafting_table":8,"minecraft:spruce_planks":4,"minecraft:wooden_pickaxe":4,"minecraft:iron_sword":1,"sophisticatedbackpacks:gold_backpack":1,"minecraft:gold_block":2,"minecraft:birch_planks":64,"minecraft:stone_axe":1,"minecraft:bread":69,"minecraft:air":0,"tetra:rack":1,"create:water_wheel":1,"minecraft:book":1,"minecraft:paper":3,"minecraft:shield":1,"naturescompass:naturescompass":1,"irons_spellbooks:wandering_magician_chestplate":1,"minecraft:stick":20,"enigmaticlegacy:the_acknowledgment":1,"minecraft:iron_ingot":19,"minecraft:iron_pickaxe":1,"minecraft:wooden_axe":4,"minecraft:iron_shovel":1,"minecraft:gold_ingot":18,"irons_spellbooks:inscription_table":1,"create:shaft":16,"irons_spellbooks:wandering_magician_boots":1,"minecraft:torch":12}},"DataVersion":3465}