{"stats":{"minecraft:dropped":{"minecraft:iron_ingot":6,"minecraft:birch_planks":21,"minecraft:wheat_seeds":8,"vampirism:hunter_axe_enhanced":1,"minecraft:oak_fence":1,"minecraft:apple":1,"minecraft:leather":2,"minecraft:mangrove_planks":32,"everlastingabilities:ability_bottle":1,"minecraft:end_rod":3,"minecraft:cod":2,"minecraft:stick":2,"minecraft:dirt":4,"minecraft:diamond_horse_armor":1,"tombstone:grave_key":2,"minecraft:wooden_axe":1,"minecraft:wooden_sword":1,"irons_spellbooks:common_ink":2,"vampirism:sunscreen_beacon":4,"minecraft:birch_log":64,"minecraft:iron_nugget":1,"ars_nouveau:archwood_planks":296,"minecraft:chicken":6,"paraglider:goddess_statue":1,"minecraft:oak_planks":2,"sophisticatedbackpacks:backpack":2,"evilcraft:flesh_humanoid":3,"minecraft:leather_chestplate":1,"torchmaster:megatorch":1,"vampirism:vampire_fang":1,"mysticalagriculture:inferium_essence":1,"minecraft:leather_leggings":1,"minecraft:birch_sign":2,"minecraft:wooden_pickaxe":1,"enigmaticlegacy:enigmatic_amulet":1,"minecraft:oak_leaves":1,"minecraft:bread":90},"minecraft:custom":{"enigmaticlegacy:play_time_with_seven_curses":561220,"lootr:looted_stat":94,"minecraft:mob_kills":14,"minecraft:inspect_hopper":2,"minecraft:interact_with_crafting_table":65,"minecraft:eat_cake_slice":4,"minecraft:leave_game":3,"minecraft:time_since_death":7514,"minecraft:climb_one_cm":28803,"minecraft:sprint_one_cm":964457,"minecraft:walk_one_cm":890246,"minecraft:drop":61,"minecraft:talked_to_villager":1,"minecraft:play_time":582854,"minecraft:deaths":53,"minecraft:sneak_time":8134,"minecraft:walk_under_water_one_cm":193614,"minecraft:interact_with_lectern":1,"minecraft:jump":3278,"minecraft:interact_with_brewingstand":1,"minecraft:interact_with_blast_furnace":9,"minecraft:walk_on_water_one_cm":98654,"minecraft:total_world_time":582854,"minecraft:interact_with_furnace":39,"tombstone:raider_killed":1,"enigmaticlegacy:play_time_without_seven_curses":19179,"minecraft:sleep_in_bed":8,"minecraft:time_since_rest":7215,"minecraft:waystone_activated":5,"minecraft:damage_taken":21568,"minecraft:damage_dealt":2691,"minecraft:swim_one_cm":161501,"minecraft:fly_one_cm":738744,"minecraft:open_chest":47,"minecraft:crouch_one_cm":10096,"tombstone:undead_killed":3,"minecraft:interact_with_smoker":1,"minecraft:fall_one_cm":320096,"minecraft:horse_one_cm":741},"minecraft:picked_up":{"ars_nouveau:red_archwood_log":31,"minecraft:charcoal":3,"minecraft:wheat":21,"minecraft:crafting_table":5,"minecraft:chicken":6,"minecraft:lead":1,"minecraft:leather_leggings":1,"gnumus:gnumus_claw":2,"minecraft:wither_rose":4,"minecraft:gold_block":1,"minecraft:diamond_horse_armor":1,"tombstone:grave_key":1,"minecraft:stripped_mangrove_log":1,"ars_nouveau:amplify_arrow":25,"ars_nouveau:archwood_planks":275,"relics:magic_mirror":1,"paraglider:goddess_statue":3,"minecraft:string":4,"minecraft:raw_copper":56,"minecraft:wooden_sword":1,"minecraft:flint_and_steel":1,"minecraft:item_frame":1,"minecraft:experience_bottle":2,"paraglider:deku_leaf":1,"mysticalagriculture:inferium_essence":22,"minecraft:iron_nugget":22,"minecraft:spruce_slab":1,"minecraft:coal_block":2,"minecraft:sugar_cane":3,"minecraft:birch_sapling":48,"irons_spellbooks:inscription_table":1,"minecraft:furnace":1,"minecraft:stick":32,"minecraft:raw_iron":1,"ars_nouveau:purple_archwood_log":46,"minecraft:stripped_mangrove_wood":14,"tetra:modular_bow":1,"werewolves:liver":1,"minecraft:oak_fence":2,"minecraft:torch":2,"create:andesite_casing":1,"sophisticatedbackpacks:backpack":1,"minecraft:spruce_fence":2,"ars_nouveau:purple_archwood_sapling":1,"werewolves:raw_silver":16,"werewolves:wolfsbane":5,"minecraft:diorite":18,"vampirism:vampire_fang":3,"minecraft:carrot":2,"minecraft:light_blue_bed":1,"minecraft:rotten_flesh":16,"minecraft:arrow":17,"relics:spatial_sign":1,"minecraft:hay_block":23,"minecraft:gold_ingot":11,"minecraft:end_rod":6,"everlastingabilities:ability_bottle":3,"minecraft:obsidian":2,"gnumus:mouse_skin":8,"minecraft:cod":2,"minecraft:cobblestone":346,"minecraft:birch_log":177,"gnumus:gnumus_doubloons":7,"minecraft:leather_chestplate":1,"minecraft:cooked_beef":3,"ars_nouveau:archwood_door":9,"minecraft:birch_slab":10,"minecraft:andesite":245,"minecraft:leather":5,"ars_nouveau:wilden_wing":3,"gnumus:gnumus_pouch":1,"minecraft:birch_planks":93,"runecraft_metals_of_gielinor:raw_tin":11,"paraglider:spirit_orb":8,"minecraft:flint":9,"evilcraft:flesh_humanoid":2,"minecraft:oak_log":19,"create:andesite_alloy":6,"minecraft:dirt":79,"tombstone:familiar_receptacle":1,"tombstone:gift":1,"minecraft:glass":7,"irons_spellbooks:common_ink":2,"minecraft:bone":7,"minecraft:apple":2,"minecraft:stone_bricks":37,"minecraft:kelp":13,"minecraft:stonecutter":2,"minecraft:wheat_seeds":95,"minecraft:iron_ingot":9,"minecraft:rabbit_hide":1,"everlastingabilities:ability_totem":1,"relics:infinity_ham":1,"minecraft:moss_block":3,"minecraft:mangrove_planks":32,"minecraft:oak_planks":2,"minecraft:book":11,"artifacts:rooted_boots":1,"ars_nouveau:novice_spell_book":1,"minecraft:lava_bucket":1,"minecraft:pumpkin":1,"tetra:modular_double":2,"minecraft:chiseled_stone_bricks":1,"enigmaticlegacy:enigmatic_amulet":1,"minecraft:raw_iron_block":2,"minecraft:gravel":16,"minecraft:sand":403,"minecraft:blast_furnace":1,"minecraft:white_bed":1,"minecraft:spruce_log":1,"vampirism:sunscreen_beacon":4,"minecraft:spider_eye":1,"ars_nouveau:wilden_spike":3,"minecraft:slime_ball":2,"enigmaticlegacy:cursed_ring":1,"waystones:waystone":2,"minecraft:birch_sign":1,"naturescompass:naturescompass":1,"minecraft:emerald":2,"minecraft:fishing_rod":1,"runecraft_metals_of_gielinor:runite_ingot":1,"minecraft:oak_sapling":3,"minecraft:coal":21,"vampirism:hunter_axe_normal":1,"minecraft:oak_leaves":1},"minecraft:broken":{"minecraft:wooden_sword":1,"minecraft:wooden_axe":1},"minecraft:killed_by":{"irons_spellbooks:priest":8,"minecraft:creeper":3,"minecraft:iron_golem":2,"minecraft:bee":1,"gnumus:gnumus_hunter":2,"minecraft:silverfish":1,"minecraft:zombie":6,"minecraft:skeleton":7,"minecraft:phantom":3,"vampirism:vampire":1,"gnumus:gnumus_worker":2},"minecraft:crafted":{"minecraft:wooden_sword":1,"minecraft:oak_planks":72,"minecraft:raw_iron":18,"minecraft:coal":18,"minecraft:stone_shovel":1,"ars_nouveau:archwood_planks":248,"minecraft:iron_nugget":36,"irons_spellbooks:wandering_magician_leggings":1,"irons_spellbooks:iron_spell_book":1,"minecraft:chain":2,"minecraft:birch_slab":6,"irons_spellbooks:graybeard_staff":1,"paraglider:deku_leaf":1,"minecraft:glass":147,"ars_nouveau:novice_spell_book":1,"minecraft:iron_axe":1,"ars_nouveau:archwood_door":3,"minecraft:chest":6,"minecraft:oak_fence":3,"tetra:modular_double":2,"minecraft:birch_sign":3,"sophisticatedbackpacks:iron_backpack":2,"torchmaster:megatorch":1,"minecraft:wheat":207,"minecraft:wooden_shovel":1,"create:andesite_alloy":16,"sophisticatedbackpacks:backpack":4,"minecraft:crafting_table":8,"minecraft:spruce_planks":4,"minecraft:wooden_pickaxe":4,"minecraft:iron_sword":1,"sophisticatedbackpacks:gold_backpack":2,"minecraft:gold_block":2,"minecraft:mangrove_planks":60,"minecraft:birch_planks":64,"minecraft:stone_axe":1,"minecraft:bread":69,"minecraft:air":0,"tetra:rack":1,"minecraft:book":1,"minecraft:paper":3,"create:water_wheel":1,"minecraft:shield":1,"naturescompass:naturescompass":1,"irons_spellbooks:wandering_magician_chestplate":1,"minecraft:stick":20,"enigmaticlegacy:the_acknowledgment":1,"minecraft:iron_ingot":19,"minecraft:iron_pickaxe":1,"minecraft:wooden_axe":4,"minecraft:iron_shovel":1,"minecraft:gold_ingot":18,"irons_spellbooks:inscription_table":1,"create:shaft":16,"minecraft:torch":12,"irons_spellbooks:wandering_magician_boots":1},"minecraft:used":{"irons_spellbooks:inscription_table":1,"minecraft:oak_fence":1,"minecraft:chest":2,"minecraft:torch":5,"minecraft:dirt":28,"minecraft:glass":140,"minecraft:wooden_axe":59,"tetra:modular_single":286,"vampirism:sunscreen_beacon":1,"minecraft:lantern":2,"minecraft:light_blue_bed":1,"minecraft:stone_bricks":27,"minecraft:item_frame":1,"minecraft:bow":1,"ars_nouveau:archwood_door":10,"minecraft:furnace":1,"minecraft:birch_planks":33,"minecraft:mangrove_planks":33,"minecraft:oak_planks":8,"minecraft:wooden_pickaxe":28,"minecraft:sand":204,"minecraft:blast_furnace":1,"minecraft:birch_sign":1,"minecraft:crafting_table":11,"ars_nouveau:archwood_planks":85,"tetra:modular_double":832,"minecraft:white_bed":1,"minecraft:oak_log":1,"waystones:waystone":1,"minecraft:apple":4,"minecraft:bread":18,"tombstone:tablet_of_assistance":1,"create:water_wheel":1,"tombstone:grave_key":22,"minecraft:gravel":1,"minecraft:wooden_sword":54,"minecraft:cobblestone":19,"tetra:rack":1,"tetra:modular_bow":1,"minecraft:andesite":52},"minecraft:mined":{"minecraft:spruce_planks":1,"minecraft:white_bed":1,"minecraft:stripped_mangrove_log":1,"create:andesite_casing":1,"minecraft:spruce_fence":1,"minecraft:grass_block":7,"minecraft:coal_block":2,"mysticalagriculture:inferium_ore":5,"minecraft:chiseled_stone_bricks":1,"minecraft:spawner":3,"minecraft:hay_block":23,"minecraft:raw_iron_block":2,"minecraft:furnace":1,"minecraft:iron_ore":1,"werewolves:wolfsbane":5,"minecraft:andesite":171,"minecraft:pumpkin":1,"minecraft:gold_block":1,"minecraft:bookshelf":2,"ars_nouveau:red_archwood_log":31,"minecraft:vine":2,"minecraft:dirt_path":1,"gnumus:fragile_gnumus_jug":6,"irons_spellbooks:inscription_table":1,"minecraft:stone":195,"minecraft:stripped_mangrove_wood":22,"ars_nouveau:purple_archwood_log":56,"minecraft:spruce_slab":1,"minecraft:glass_pane":3,"minecraft:kelp_plant":5,"minecraft:oak_fence":1,"minecraft:crafting_table":3,"ars_nouveau:stripped_green_archwood_log":3,"minecraft:blast_furnace":1,"ars_nouveau:archwood_door":4,"minecraft:glass":2,"minecraft:cobblestone":2,"minecraft:copper_ore":10,"minecraft:sugar_cane":2,"minecraft:oak_planks":1,"minecraft:diorite":6,"minecraft:wall_torch":1,"minecraft:cyan_wool":1,"minecraft:birch_planks":1,"minecraft:light_blue_bed":1,"minecraft:birch_log":141,"ars_nouveau:purple_archwood_leaves":15,"ars_nouveau:archwood_planks":21,"tetra:basic_workbench":1,"minecraft:wheat":20,"minecraft:lilac":1,"minecraft:spruce_log":1,"minecraft:birch_leaves":6,"runecraft_metals_of_gielinor:tin_ore":3,"minecraft:grass":4,"minecraft:coal_ore":18,"minecraft:oak_log":19,"minecraft:end_rod":3,"minecraft:gravel":8,"minecraft:sand":388,"minecraft:dirt":41,"minecraft:cobweb":4,"minecraft:stonecutter":1,"minecraft:stone_bricks":39,"minecraft:infested_stone":1,"minecraft:oak_leaves":46,"werewolves:silver_ore":11,"paraglider:goddess_statue":1},"minecraft:killed":{"vampirism:vampire":1,"minecraft:vindicator":1,"gnumus:gnumus_hunter":1,"minecraft:zombie":3,"minecraft:cow":2}},"DataVersion":3465}