{"stats":{"minecraft:killed_by":{"vampirism:advanced_vampire":1,"irons_spellbooks:priest":2,"minecraft:zombified_piglin":1,"minecraft:piglin_brute":7,"minecraft:wither_skeleton":8,"minecraft:drowned":2,"minecraft:magma_cube":14,"minecraft:blaze":14,"minecraft:witch":3,"minecraft:zombie":9,"vampirism:vampire":1,"minecraft:player":1,"minecraft:spider":1,"minecraft:iron_golem":2,"minecraft:bee":1,"minecraft:hoglin":2,"minecraft:skeleton":2,"minecraft:phantom":1,"creeperoverhaul:snowy_creeper":1},"minecraft:killed":{"minecraft:zombified_piglin":1,"minecraft:witch":3,"irons_spellbooks:priest":1,"minecraft:spider":2,"minecraft:skeleton":10,"minecraft:bee":1,"minecraft:silverfish":5,"minecraft:piglin_brute":9,"artifacts:mimic":1,"minecraft:magma_cube":39,"irons_spellbooks:necromancer":1,"minecraft:sheep":8,"minecraft:pillager":3,"minecraft:zombie":86,"minecraft:stray":2,"minecraft:blaze":2,"minecraft:cow":11,"irons_spellbooks:summoned_zombie":1,"minecraft:vindicator":1,"minecraft:drowned":2,"goblintraders:goblin_trader":1,"minecraft:wither_skeleton":1},"minecraft:custom":{"enigmaticlegacy:play_time_with_seven_curses":803776,"lootr:looted_stat":106,"minecraft:interact_with_crafting_table":83,"minecraft:open_barrel":16,"goblintraders:trade_with_goblin":14,"minecraft:eat_cake_slice":8,"minecraft:leave_game":2,"minecraft:time_since_death":4247,"minecraft:sprint_one_cm":2907756,"minecraft:drop":156,"vampirism:interact_with_totem":1,"minecraft:talked_to_villager":2,"minecraft:play_time":815864,"minecraft:deaths":92,"minecraft:jump":4083,"minecraft:walk_on_water_one_cm":76700,"minecraft:interact_with_furnace":38,"minecraft:sleep_in_bed":9,"minecraft:waystone_activated":4,"tombstone:sneak_grave":3,"minecraft:damage_dealt":22062,"minecraft:player_kills":11,"minecraft:crouch_one_cm":62545,"tombstone:undead_killed":104,"minecraft:interact_with_smoker":1,"minecraft:inspect_dispenser":3,"minecraft:horse_one_cm":1854,"minecraft:interact_with_smithing_table":1,"minecraft:interact_with_anvil":12,"minecraft:mob_kills":194,"minecraft:climb_one_cm":19239,"minecraft:walk_one_cm":2984273,"minecraft:sneak_time":16891,"minecraft:walk_under_water_one_cm":370150,"minecraft:boat_one_cm":441,"minecraft:total_world_time":815864,"tombstone:raider_killed":7,"enigmaticlegacy:play_time_without_seven_curses":6459,"minecraft:time_since_rest":3928,"minecraft:damage_taken":68080,"minecraft:damage_absorbed":40,"minecraft:minecart_one_cm":1727,"minecraft:swim_one_cm":231792,"minecraft:fly_one_cm":1645456,"minecraft:open_chest":2,"minecraft:fall_one_cm":487535},"minecraft:mined":{"minecraft:spruce_planks":2,"farmersdelight:rich_soil":49,"minecraft:black_terracotta":1,"create:andesite_casing":14,"minecraft:orange_wool":2,"minecraft:granite":212,"minecraft:grass_block":302,"minecraft:stone_brick_wall":2,"minecraft:polished_diorite":1,"mysticalagriculture:inferium_ore":5,"minecraft:spawner":22,"minecraft:tall_seagrass":1,"minecraft:iron_ore":4,"minecraft:fire":6,"minecraft:nether_brick_stairs":2,"ars_nouveau:red_archwood_log":41,"minecraft:iron_bars":10,"minecraft:end_stone_bricks":4,"minecraft:iron_block":7,"farmersdelight:rich_soil_farmland":20,"minecraft:spruce_slab":1,"minecraft:gray_terracotta":1,"minecraft:brown_mushroom":11,"minecraft:potted_brown_mushroom":1,"minecraft:cyan_terracotta":1,"farmersdelight:organic_compost":41,"minecraft:amethyst_cluster":6,"storagenetwork:inventory":1,"minecraft:soul_lantern":1,"minecraft:torch":1,"minecraft:calcite":4,"minecraft:chest":1,"farmersdelight:brown_mushroom_colony":4,"minecraft:cobblestone":23,"minecraft:oak_planks":5,"ars_nouveau:red_archwood_leaves":2,"minecraft:wall_torch":3,"minecraft:amethyst_block":4,"minecraft:seagrass":2,"minecraft:skeleton_skull":6,"gnumus:gnumus_clay_block":1,"ars_nouveau:archwood_planks":3,"paraglider:horned_statue":1,"minecraft:smooth_stone_slab":6,"minecraft:potted_poppy":1,"runecraft_metals_of_gielinor:tin_ore":33,"minecraft:grass":267,"minecraft:oak_log":112,"minecraft:dirt":293,"minecraft:sand":223,"minecraft:smooth_basalt":17,"minecraft:stonecutter":1,"minecraft:netherrack":1,"create:linear_chassis":2,"minecraft:deepslate":9,"minecraft:oak_leaves":32,"werewolves:silver_ore":5,"create:zinc_ore":6,"minecraft:suspicious_gravel":4,"minecraft:dark_prismarine":2,"farmersdelight:onions":8,"minecraft:mossy_cobblestone":4,"minecraft:sea_lantern":1,"minecraft:nether_bricks":13,"minecraft:spruce_fence":1,"minecraft:redstone_wire":1,"minecraft:spruce_leaves":9,"farmersdelight:red_mushroom_colony":1,"minecraft:furnace":1,"minecraft:polished_basalt":2,"minecraft:andesite":302,"minecraft:stripped_spruce_log":2,"evilcraft:dark_ore":2,"minecraft:bookshelf":6,"minecraft:potatoes":29,"create:cart_assembler":2,"minecraft:vine":3,"minecraft:rail":2,"minecraft:lantern":3,"minecraft:packed_ice":10,"gnumus:fragile_gnumus_jug":2,"minecraft:stone":717,"ars_nouveau:purple_archwood_log":69,"minecraft:oak_slab":1,"minecraft:glass_pane":3,"minecraft:dandelion":7,"minecraft:oak_fence":2,"minecraft:crafting_table":2,"minecraft:cornflower":1,"minecraft:stone_slab":1,"minecraft:tall_grass":24,"minecraft:copper_ore":45,"minecraft:diorite":51,"create:blaze_burner":1,"minecraft:birch_planks":2,"minecraft:red_terracotta":2,"ars_nouveau:purple_archwood_leaves":6,"tetra:basic_workbench":1,"minecraft:spruce_log":31,"create:mechanical_drill":1,"minecraft:black_wool":4,"minecraft:coal_ore":42,"minecraft:gravel":102,"minecraft:cobweb":12,"minecraft:cracked_stone_bricks":1,"minecraft:acacia_planks":4,"minecraft:stone_bricks":2,"minecraft:polished_andesite":8,"minecraft:infested_stone":6},"minecraft:picked_up":{"irons_spellbooks:scroll":2,"ars_nouveau:caster_tome":1,"minecraft:wheat":1,"minecraft:flower_pot":3,"gnumus:gnumus_claw":2,"minecraft:stone_slab":1,"irons_spellbooks:holy_rune":1,"minecraft:enchanted_book":2,"minecraft:potion":1,"minecraft:stone_brick_stairs":1,"tombstone:grave_key":1,"minecraft:amethyst_block":4,"minecraft:string":53,"minecraft:raw_copper":296,"irons_spellbooks:heavy_chain_necklace":1,"minecraft:smooth_stone_slab":6,"minecraft:experience_bottle":1,"create:cart_assembler":2,"irons_spellbooks:arcane_essence":11,"mysticalagriculture:inferium_essence":67,"minecraft:tnt_minecart":1,"minecraft:gold_nugget":7,"minecraft:cobbled_deepslate":11,"minecraft:comparator":1,"minecraft:bucket":4,"minecraft:spruce_planks":3,"minecraft:calcite":4,"minecraft:cobblestone_slab":1,"minecraft:furnace":1,"minecraft:tipped_arrow":4,"minecraft:stick":5,"artifacts:universal_attractor":2,"minecraft:oak_fence":2,"minecraft:torch":11,"create:andesite_casing":14,"tombstone:grave_dust":25,"minecraft:diorite":80,"gnumus:vintage_metal":1,"minecraft:rotten_flesh":152,"farmersdelight:onion":9,"minecraft:polished_basalt":2,"minecraft:iron_block":7,"minecraft:cyan_terracotta":1,"gnumus:gnumus_chickpeas":3,"relics:aqua_walker":1,"farmersdelight:rope":2,"minecraft:blaze_rod":5,"minecraft:obsidian":3,"minecraft:iron_bars":12,"irons_spellbooks:copper_spell_book":1,"minecraft:blaze_powder":27,"minecraft:cobblestone":903,"gnumus:gnumus_doubloons":2,"minecraft:feather":10,"minecraft:cooked_beef":14,"minecraft:magma_cream":14,"minecraft:water_bucket":1,"minecraft:andesite":588,"minecraft:potato":75,"enigmaticlegacy:golem_heart":1,"paraglider:spirit_orb":52,"minecraft:flint":9,"create:raw_zinc":10,"minecraft:lapis_lazuli":2,"minecraft:dirt":726,"minecraft:lantern":7,"gnumus:gnumus_pouch_2":1,"minecraft:bone":52,"minecraft:acacia_planks":14,"minecraft:stonecutter":1,"minecraft:gray_terracotta":5,"minecraft:bow":1,"ars_nouveau:source_gem":9,"minecraft:wheat_seeds":111,"create:mechanical_drill":1,"everlastingabilities:ability_totem":8,"minecraft:bamboo":2,"minecraft:oak_planks":11,"minecraft:ghast_tear":2,"minecraft:black_terracotta":4,"minecraft:cooked_porkchop":2,"irons_spellbooks:frozen_bone":10,"irons_spellbooks:legendary_ink":1,"tetra:modular_double":1,"minecraft:sand":248,"minecraft:stripped_spruce_log":4,"minecraft:nether_brick_stairs":13,"minecraft:dead_bush":2,"minecraft:lily_of_the_valley":2,"minecraft:red_terracotta":6,"ars_nouveau:wilden_horn":2,"minecraft:mossy_cobblestone":3,"minecraft:orange_wool":2,"minecraft:bundle":4,"minecraft:polished_andesite":20,"gnumus:gnumus_clay":4,"minecraft:diamond":2,"minecraft:lever":1,"minecraft:soul_lantern":2,"waystones:waystone":4,"minecraft:granite":237,"minecraft:golden_apple":1,"minecraft:bread":6,"scalinghealth:cursed_heart":1,"minecraft:emerald":27,"minecraft:oak_sapling":2,"minecraft:netherrack":1,"minecraft:end_stone_bricks":4,"ars_nouveau:red_archwood_log":42,"minecraft:crafting_table":3,"minecraft:azure_bluet":1,"minecraft:chicken":3,"minecraft:clay_ball":2,"minecraft:brown_mushroom":103,"minecraft:stone_brick_wall":2,"ars_nouveau:warp_scroll":1,"vampirism:heart_striker_enhanced":1,"ars_nouveau:archwood_planks":61,"minecraft:netherite_scrap":1,"minecraft:item_frame":6,"minecraft:glass_pane":26,"minecraft:cracked_stone_bricks":3,"minecraft:beef":29,"farmersdelight:straw":30,"minecraft:iron_nugget":2,"minecraft:poppy":5,"minecraft:spruce_slab":1,"minecraft:light_gray_wool":1,"minecraft:minecart":1,"minecraft:chest":1,"create:linear_chassis":2,"minecraft:phantom_membrane":6,"minecraft:egg":2,"minecraft:raw_iron":19,"ars_nouveau:purple_archwood_log":97,"minecraft:spruce_fence":2,"sophisticatedbackpacks:backpack":1,"ars_nouveau:purple_archwood_sapling":1,"minecraft:polished_blackstone_bricks":1,"werewolves:raw_silver":6,"minecraft:cake":2,"minecraft:trident":1,"minecraft:carrot":8,"minecraft:redstone":2,"minecraft:prismarine_crystals":6,"tombstone:scroll_of_purification":1,"enigmaticlegacy:unholy_grail":1,"minecraft:tnt":1,"storagenetwork:inventory":1,"minecraft:arrow":144,"minecraft:peony":30,"minecraft:nether_bricks":25,"minecraft:rail":4,"everlastingabilities:ability_bottle":1,"minecraft:gold_ingot":1,"tombstone:essence_of_undeath":1,"sophisticatedbackpacks:copper_backpack":2,"minecraft:polished_blackstone":13,"paraglider:horned_statue":1,"gnumus:mouse_skin":4,"minecraft:mutton":13,"minecraft:bone_block":3,"minecraft:skeleton_skull":20,"minecraft:white_wool":7,"runecraft_metals_of_gielinor:adamantite_ingot":1,"farmersdelight:rich_soil":69,"minecraft:glow_ink_sac":1,"minecraft:leather":28,"minecraft:red_mushroom":15,"minecraft:acacia_wood":1,"minecraft:filled_map":1,"minecraft:birch_planks":2,"runecraft_metals_of_gielinor:raw_tin":31,"minecraft:oak_log":111,"create:andesite_alloy":65,"scalinghealth:bandages":13,"create:blaze_burner":1,"minecraft:gunpowder":3,"minecraft:cobblestone_wall":1,"minecraft:cobblestone_stairs":1,"scalinghealth:heart_crystal":6,"minecraft:cooked_mutton":4,"farmersdelight:organic_compost":41,"minecraft:stone_bricks":11,"minecraft:iron_ingot":70,"minecraft:stone_pickaxe":1,"scalinghealth:power_crystal_shard":6,"tombstone:bag_of_seeds":3,"minecraft:iron_sword":2,"minecraft:oak_slab":1,"minecraft:book":23,"minecraft:smooth_basalt":17,"scalinghealth:heart_crystal_shard":42,"minecraft:sweet_berries":2,"minecraft:dandelion":7,"minecraft:gravel":96,"minecraft:amethyst_shard":12,"minecraft:spruce_sapling":2,"minecraft:spruce_log":30,"minecraft:dark_oak_fence_gate":2,"minecraft:spider_eye":4,"minecraft:pumpkin_seeds":3,"minecraft:slime_ball":75,"minecraft:polished_diorite":1,"evilcraft:dark_gem":11,"tombstone:magic_scroll":4,"minecraft:black_wool":4,"minecraft:coal":91,"minecraft:ender_pearl":5},"minecraft:broken":{"minecraft:golden_helmet":1,"minecraft:golden_boots":2,"minecraft:wooden_axe":1,"minecraft:stone_shovel":1,"minecraft:golden_pickaxe":1},"minecraft:dropped":{"minecraft:iron_sword":2,"minecraft:brown_mushroom":2,"minecraft:cooked_beef":15,"minecraft:diamond":3,"minecraft:ender_pearl":1,"minecraft:cooked_porkchop":5,"minecraft:leather":8,"enigmaticlegacy:unholy_grail":1,"minecraft:cracked_stone_bricks":2,"everlastingabilities:ability_totem":4,"artifacts:universal_attractor":1,"paraglider:spirit_orb":8,"minecraft:emerald":13,"minecraft:flint":2,"minecraft:dirt":81,"tombstone:bag_of_seeds":1,"minecraft:tnt_minecart":1,"irons_spellbooks:arcane_essence":5,"farmersdelight:onion":3,"minecraft:phantom_membrane":3,"minecraft:sand":6,"ars_nouveau:wilden_horn":2,"ars_nouveau:source_gem":3,"minecraft:bone":19,"minecraft:gravel":1,"minecraft:wheat":1,"minecraft:soul_lantern":1,"minecraft:rotten_flesh":17,"minecraft:oak_planks":2,"minecraft:cooked_mutton":8,"minecraft:carrot":4,"irons_spellbooks:heavy_chain_necklace":1,"werewolves:dream_catcher":2,"minecraft:poppy":4,"minecraft:gunpowder":2,"minecraft:skeleton_skull":10,"mysticalagriculture:inferium_essence":18,"farmersdelight:rope":2,"tetra:modular_double":1,"minecraft:iron_bars":2,"minecraft:ghast_tear":1,"create:andesite_alloy":65,"minecraft:iron_ingot":68,"minecraft:stripped_spruce_log":2,"minecraft:wheat_seeds":5,"minecraft:oak_fence":1,"minecraft:feather":10,"minecraft:cobblestone":2,"minecraft:book":5,"enigmaticlegacy:golem_heart":1,"minecraft:coal":2,"minecraft:golden_apple":1,"runecraft_metals_of_gielinor:adamantite_ingot":1,"tombstone:magic_scroll":2,"tombstone:grave_dust":12,"minecraft:dead_bush":1,"minecraft:bucket":4,"minecraft:string":28,"minecraft:redstone":1,"ars_nouveau:caster_tome":1,"minecraft:blaze_rod":3,"minecraft:raw_copper":58,"ars_nouveau:archwood_planks":116,"tombstone:scroll_of_purification":1,"sophisticatedbackpacks:backpack":1,"minecraft:pumpkin_seeds":3,"minecraft:filled_map":1,"minecraft:potato":26,"minecraft:andesite":64,"minecraft:bamboo":2,"minecraft:slime_ball":38,"sophisticatedbackpacks:copper_backpack":3,"minecraft:stone_pickaxe":1,"scalinghealth:bandages":5,"ars_nouveau:warp_scroll":2},"minecraft:crafted":{"minecraft:oak_planks":120,"create:copper_diving_boots":1,"ars_nouveau:archwood_planks":200,"irons_spellbooks:iron_spell_book":1,"minecraft:chain":3,"sophisticatedstorage:barrel":7,"storagenetwork:inventory_remote":1,"minecraft:stone":0,"create:mechanical_bearing":1,"minecraft:cooked_mutton":0,"minecraft:quartz_block":2,"minecraft:glass":0,"sophisticatedbackpacks:copper_backpack":1,"create:cart_assembler":1,"create:mechanical_press":1,"tombstone:grave_key":2,"minecraft:chest":9,"ars_nouveau:apprentice_spell_book":1,"create:cogwheel":1,"minecraft:oak_fence":3,"torchmaster:megatorch":1,"sophisticatedstorage:gold_barrel":3,"create:depot":1,"minecraft:dropper":1,"storagenetwork:kabel":16,"minecraft:oak_slab":6,"create:rose_quartz":1,"minecraft:emerald":11,"sophisticatedbackpacks:backpack":5,"irons_spellbooks:copper_spell_book":1,"minecraft:cooked_porkchop":0,"minecraft:crafting_table":14,"minecraft:spruce_planks":96,"minecraft:wooden_pickaxe":1,"minecraft:baked_potato":4,"ars_nouveau:source_jar":2,"create:sand_paper":1,"minecraft:copper_ingot":47,"storagenetwork:master":2,"farmersdelight:organic_compost":5,"minecraft:wooden_hoe":3,"minecraft:paper":30,"create:portable_storage_interface":1,"minecraft:stone_slab":12,"sophisticatedbackpacks:diamond_backpack":3,"minecraft:stick":36,"minecraft:iron_ingot":70,"minecraft:stone_sword":1,"minecraft:black_bed":1,"minecraft:gold_ingot":36,"sophisticatedstorage:diamond_barrel":4,"minecraft:redstone_torch":6,"minecraft:sponge":1,"create:chute":4,"minecraft:wooden_sword":1,"create:wrench":1,"minecraft:iron_nugget":18,"minecraft:furnace":1,"refinedstorage:quartz_enriched_iron":4,"tarotcards:tarot_deck":1,"ars_nouveau:novice_spell_book":1,"minecraft:iron_axe":1,"minecraft:spruce_slab":12,"minecraft:minecart":1,"ars_nouveau:agronomic_sourcelink":1,"tetra:modular_double":2,"sophisticatedstorage:iron_barrel":4,"sophisticatedbackpacks:iron_backpack":4,"minecraft:cooked_beef":32,"minecraft:iron_sword":1,"sophisticatedbackpacks:gold_backpack":4,"scalinghealth:heart_crystal":2,"minecraft:stone_axe":1,"minecraft:air":0,"ars_nouveau:sourcestone":16,"ironfurnaces:copper_furnace":1,"minecraft:white_wool":4,"create:linear_chassis":12,"enigmaticlegacy:the_acknowledgment":1,"storagenetwork:inventory":1,"minecraft:wooden_axe":1,"minecraft:iron_shovel":1,"minecraft:anvil":1,"storagenetwork:request":1,"minecraft:white_bed":2,"create:mechanical_drill":4,"irons_spellbooks:inscription_table":1,"create:shaft":16,"create:copper_diving_helmet":1,"storagenetwork:storage_kabel":4,"minecraft:torch":12,"create:zinc_ingot":0},"minecraft:used":{"irons_spellbooks:inscription_table":1,"minecraft:iron_shovel":446,"minecraft:polished_blackstone":10,"sophisticatedbackpacks:copper_backpack":1,"create:portable_storage_interface":1,"minecraft:chest":3,"tombstone:scroll_of_purification":1,"minecraft:rotten_flesh":63,"create:mechanical_bearing":1,"create:minecart_contraption":2,"minecraft:mutton":3,"minecraft:nether_bricks":12,"minecraft:orange_wool":1,"create:depot":1,"mysticalagriculture:inferium_seeds":5,"minecraft:obsidian":21,"sophisticatedbackpacks:diamond_backpack":1,"minecraft:lava_bucket":3,"tetra:modular_single":108,"minecraft:lantern":3,"minecraft:stone_bricks":1,"minecraft:bow":202,"create:mechanical_drill":5,"create:shaft":1,"minecraft:furnace":1,"minecraft:oak_sapling":2,"minecraft:cooked_cod":6,"minecraft:potato":91,"storagenetwork:storage_kabel":4,"minecraft:golden_boots":1,"minecraft:oak_planks":1,"minecraft:ender_pearl":1,"minecraft:wooden_pickaxe":47,"farmersdelight:organic_compost":46,"minecraft:golden_apple":1,"ars_nouveau:agronomic_sourcelink":1,"ars_nouveau:archwood_planks":119,"tetra:modular_double":1922,"minecraft:black_bed":1,"relics:horse_flute":1,"waystones:waystone":4,"minecraft:lever":1,"minecraft:bread":52,"minecraft:string":3,"ars_nouveau:purple_archwood_log":24,"tombstone:grave_key":18,"minecraft:andesite":6,"sophisticatedstorage:diamond_barrel":3,"minecraft:golden_pickaxe":33,"minecraft:trident":443,"ironfurnaces:copper_furnace":1,"minecraft:flint_and_steel":1,"minecraft:stone_shovel":153,"storagenetwork:request":1,"farmersdelight:rich_soil":69,"minecraft:torch":36,"minecraft:dirt":76,"minecraft:anvil":1,"scalinghealth:heart_crystal":8,"farmersdelight:flint_knife":260,"storagenetwork:inventory_remote":2,"tetra:modular_sword":80,"minecraft:granite":13,"minecraft:polished_diorite":1,"minecraft:wooden_axe":59,"create:wrench":17,"enigmaticlegacy:unholy_grail":3,"storagenetwork:master":1,"ars_nouveau:imbuement_chamber":4,"create:cart_assembler":2,"minecraft:smooth_basalt":14,"torchmaster:megatorch":1,"minecraft:minecart":2,"scalinghealth:bandages":2,"tombstone:gift":8,"minecraft:acacia_planks":5,"minecraft:cooked_beef":31,"minecraft:golden_axe":242,"minecraft:calcite":1,"minecraft:cooked_mutton":14,"farmersdelight:iron_knife":57,"minecraft:water_bucket":12,"tombstone:scroll_of_knowledge":2,"storagenetwork:inventory":1,"farmersdelight:skillet":4,"minecraft:baked_potato":30,"minecraft:birch_planks":1,"minecraft:bundle":5,"minecraft:polished_andesite":20,"minecraft:brown_mushroom":27,"create:blaze_burner":1,"minecraft:polished_blackstone_bricks":1,"minecraft:rail":20,"minecraft:crafting_table":12,"create:mechanical_harvester":4,"minecraft:red_mushroom":5,"minecraft:white_bed":2,"minecraft:cake":2,"create:linear_chassis":13,"minecraft:wooden_hoe":69,"minecraft:oak_log":63,"minecraft:gray_terracotta":1,"ars_nouveau:source_jar":3,"create:mechanical_press":1,"minecraft:map":1,"create:water_wheel":1,"tombstone:magic_scroll":1,"create:large_water_wheel":2,"minecraft:cobblestone":168,"minecraft:bucket":13,"minecraft:glass_pane":1}},"DataVersion":3465}