{"stats":{"minecraft:picked_up":{"vampirism:ring":1,"mysticalagriculture:inferium_essence":3,"everlastingabilities:ability_bottle":1},"minecraft:mined":{"minecraft:grass":1,"minecraft:tall_grass":1,"minecraft:spruce_leaves":1},"minecraft:custom":{"minecraft:time_since_rest":11688,"enigmaticlegacy:play_time_with_seven_curses":0,"minecraft:interact_with_furnace":2,"minecraft:play_time":66498,"lootr:looted_stat":9,"minecraft:sprint_one_cm":225697,"minecraft:walk_one_cm":161807,"minecraft:damage_taken":6574,"minecraft:deaths":19,"minecraft:sneak_time":98,"minecraft:walk_under_water_one_cm":8887,"minecraft:jump":687,"minecraft:damage_dealt":350,"minecraft:leave_game":2,"minecraft:walk_on_water_one_cm":9506,"minecraft:time_since_death":14087,"minecraft:climb_one_cm":2295,"enigmaticlegacy:play_time_without_seven_curses":65246,"minecraft:total_world_time":66498,"minecraft:swim_one_cm":3641,"minecraft:fall_one_cm":13476,"minecraft:fly_one_cm":103910},"minecraft:killed_by":{"minecraft:skeleton":1,"gnumus:gnumus_hunter":1,"vampirism:hunter":1,"werewolves:werewolf_survivalist":2,"irons_spellbooks:necromancer":1,"werewolves:alpha_werewolf":2,"werewolves:werewolf_beast":8},"minecraft:used":{"tombstone:gift":4,"evilcraft:flesh_humanoid":3}},"DataVersion":3465}