{"stats":{"minecraft:dropped":{"minecraft:birch_planks":21,"minecraft:leather":2,"minecraft:mangrove_planks":32,"minecraft:cod":2,"minecraft:flint":2,"create:linear_chassis":6,"minecraft:dirt":4,"minecraft:wooden_sword":1,"vampirism:sunscreen_beacon":4,"minecraft:birch_log":64,"minecraft:iron_nugget":1,"paraglider:goddess_statue":1,"minecraft:oak_planks":2,"evilcraft:flesh_humanoid":3,"minecraft:leather_chestplate":1,"vampirism:vampire_fang":1,"mysticalagriculture:inferium_essence":1,"minecraft:chest":1,"minecraft:leather_leggings":1,"minecraft:stone_brick_stairs":1,"enigmaticlegacy:enigmatic_amulet":1,"minecraft:oak_leaves":1,"minecraft:iron_ingot":6,"minecraft:bread":90,"minecraft:wheat_seeds":8,"vampirism:hunter_axe_enhanced":1,"minecraft:oak_fence":1,"scalinghealth:heart_crystal_shard":3,"minecraft:cobblestone":10,"minecraft:apple":1,"everlastingabilities:ability_bottle":1,"minecraft:stick":2,"minecraft:end_rod":3,"minecraft:diamond_horse_armor":1,"tombstone:grave_key":2,"werewolves:cracked_bone":1,"minecraft:wooden_axe":1,"irons_spellbooks:common_ink":2,"ars_nouveau:archwood_planks":296,"minecraft:chicken":6,"sophisticatedbackpacks:backpack":2,"torchmaster:megatorch":1,"minecraft:birch_sign":2,"minecraft:wooden_pickaxe":1,"ars_nouveau:warp_scroll":2},"minecraft:custom":{"enigmaticlegacy:play_time_with_seven_curses":716752,"lootr:looted_stat":98,"minecraft:interact_with_crafting_table":83,"minecraft:eat_cake_slice":4,"minecraft:leave_game":3,"minecraft:time_since_death":91411,"minecraft:sprint_one_cm":1057729,"minecraft:drop":71,"minecraft:talked_to_villager":1,"minecraft:play_time":738854,"minecraft:deaths":62,"minecraft:jump":3912,"minecraft:interact_with_brewingstand":1,"minecraft:walk_on_water_one_cm":119222,"minecraft:interact_with_furnace":50,"minecraft:sleep_in_bed":9,"minecraft:waystone_activated":8,"minecraft:damage_dealt":5313,"minecraft:crouch_one_cm":14119,"tombstone:undead_killed":4,"minecraft:interact_with_smoker":1,"minecraft:horse_one_cm":741,"minecraft:mob_kills":22,"minecraft:inspect_hopper":2,"minecraft:damage_dealt_resisted":573,"minecraft:climb_one_cm":33872,"minecraft:walk_one_cm":1130081,"vampirism:skills_unlocked":1,"minecraft:sneak_time":11461,"minecraft:walk_under_water_one_cm":218262,"minecraft:interact_with_lectern":1,"minecraft:interact_with_blast_furnace":15,"minecraft:total_world_time":738854,"tombstone:raider_killed":1,"enigmaticlegacy:play_time_without_seven_curses":19179,"minecraft:interact_with_stonecutter":3,"minecraft:time_since_rest":78772,"minecraft:damage_taken":25173,"minecraft:damage_absorbed":40,"minecraft:swim_one_cm":220700,"minecraft:fly_one_cm":827489,"minecraft:open_chest":49,"minecraft:fall_one_cm":409566},"minecraft:picked_up":{"minecraft:wheat":21,"gnumus:gnumus_claw":2,"minecraft:lead":1,"minecraft:wither_rose":4,"minecraft:stone_brick_stairs":2,"tombstone:grave_key":1,"paraglider:goddess_statue":3,"minecraft:string":4,"relics:magic_mirror":1,"minecraft:raw_copper":56,"minecraft:experience_bottle":2,"paraglider:deku_leaf":1,"mysticalagriculture:inferium_essence":23,"werewolves:pelt":1,"minecraft:coal_block":2,"irons_spellbooks:inscription_table":1,"minecraft:furnace":2,"minecraft:stick":32,"tetra:modular_bow":1,"minecraft:oak_fence":2,"create:andesite_casing":1,"minecraft:torch":2,"werewolves:liver":3,"werewolves:wolfsbane":5,"vampirism:vampire_fang":3,"minecraft:diorite":18,"minecraft:rotten_flesh":19,"farmersdelight:rope":1,"minecraft:end_rod":6,"minecraft:obsidian":2,"minecraft:cod":2,"minecraft:cobblestone":663,"minecraft:birch_log":177,"gnumus:gnumus_doubloons":7,"minecraft:leather_chestplate":1,"minecraft:cooked_beef":3,"minecraft:andesite":327,"minecraft:birch_slab":10,"ars_nouveau:archwood_door":9,"paraglider:spirit_orb":8,"minecraft:flint":13,"evilcraft:flesh_humanoid":2,"minecraft:dirt":155,"tombstone:familiar_receptacle":1,"minecraft:glass":7,"minecraft:bone":7,"minecraft:stonecutter":3,"minecraft:wheat_seeds":95,"everlastingabilities:ability_totem":1,"minecraft:moss_block":3,"ironfurnaces:iron_furnace":1,"minecraft:oak_planks":2,"tetra:rack":1,"artifacts:rooted_boots":1,"tetra:modular_double":3,"minecraft:sand":451,"runecraft_metals_of_gielinor:raw_mithril":4,"waystones:waystone":3,"minecraft:emerald":2,"werewolves:cracked_bone":3,"minecraft:oak_sapling":3,"vampirism:hunter_axe_normal":1,"minecraft:oak_leaves":1,"runecraft_metals_of_gielinor:runite_ingot":1,"minecraft:fishing_rod":1,"ars_nouveau:red_archwood_log":31,"minecraft:charcoal":3,"minecraft:crafting_table":5,"minecraft:chicken":6,"minecraft:leather_leggings":1,"ars_nouveau:warp_scroll":2,"minecraft:gold_block":1,"minecraft:diamond_horse_armor":1,"minecraft:stripped_mangrove_log":1,"ars_nouveau:amplify_arrow":25,"ars_nouveau:archwood_planks":275,"minecraft:wooden_sword":1,"minecraft:flint_and_steel":1,"minecraft:item_frame":1,"minecraft:iron_nugget":26,"minecraft:spruce_slab":2,"minecraft:sugar_cane":3,"minecraft:chest":1,"minecraft:birch_sapling":48,"create:linear_chassis":6,"minecraft:stripped_mangrove_wood":14,"minecraft:raw_iron":13,"ars_nouveau:purple_archwood_log":46,"minecraft:spruce_fence":2,"sophisticatedbackpacks:backpack":1,"ars_nouveau:purple_archwood_sapling":1,"werewolves:raw_silver":16,"minecraft:carrot":2,"minecraft:light_blue_bed":1,"minecraft:arrow":17,"relics:spatial_sign":1,"minecraft:hay_block":23,"everlastingabilities:ability_bottle":3,"minecraft:gold_ingot":11,"gnumus:mouse_skin":8,"minecraft:leather":5,"gnumus:gnumus_pouch":1,"minecraft:birch_planks":93,"runecraft_metals_of_gielinor:raw_tin":11,"ars_nouveau:wilden_wing":3,"minecraft:oak_log":19,"create:andesite_alloy":6,"scalinghealth:heart_crystal":2,"minecraft:blue_bed":2,"tombstone:gift":1,"irons_spellbooks:common_ink":2,"minecraft:apple":2,"minecraft:stone_bricks":71,"minecraft:kelp":13,"minecraft:rabbit_hide":1,"minecraft:iron_ingot":9,"relics:infinity_ham":1,"minecraft:mangrove_planks":32,"minecraft:book":11,"scalinghealth:heart_crystal_shard":3,"minecraft:pumpkin":1,"minecraft:chiseled_stone_bricks":1,"minecraft:gravel":38,"minecraft:raw_iron_block":2,"ars_nouveau:novice_spell_book":1,"minecraft:lava_bucket":1,"enigmaticlegacy:enigmatic_amulet":1,"minecraft:spruce_sapling":1,"minecraft:blast_furnace":2,"minecraft:spruce_log":1,"minecraft:white_bed":1,"vampirism:sunscreen_beacon":4,"minecraft:spider_eye":1,"ars_nouveau:wilden_spike":3,"werewolves:jacaranda_log":1,"minecraft:slime_ball":2,"enigmaticlegacy:cursed_ring":1,"minecraft:birch_sign":1,"naturescompass:naturescompass":1,"minecraft:coal":21},"minecraft:broken":{"minecraft:wooden_sword":1,"minecraft:wooden_axe":1},"minecraft:killed_by":{"irons_spellbooks:priest":8,"minecraft:creeper":3,"gnumus:gnumus_hunter":2,"minecraft:silverfish":1,"minecraft:zombie":10,"werewolves:werewolf_beast":2,"vampirism:vampire":1,"gnumus:gnumus_worker":2,"minecraft:iron_golem":2,"minecraft:bee":1,"minecraft:skeleton":7,"minecraft:phantom":3,"werewolves:werewolf_survivalist":3},"minecraft:crafted":{"minecraft:oak_planks":72,"ars_nouveau:archwood_planks":248,"irons_spellbooks:iron_spell_book":1,"minecraft:chain":2,"minecraft:birch_slab":6,"ironfurnaces:iron_furnace":3,"minecraft:stone":0,"create:mechanical_bearing":1,"paraglider:deku_leaf":1,"minecraft:glass":147,"ars_nouveau:archwood_door":3,"minecraft:chest":9,"minecraft:stone_bricks":128,"minecraft:oak_fence":3,"torchmaster:megatorch":1,"minecraft:wooden_shovel":1,"sophisticatedbackpacks:backpack":5,"minecraft:crafting_table":8,"minecraft:spruce_planks":4,"minecraft:wooden_pickaxe":4,"minecraft:gold_block":2,"minecraft:birch_planks":80,"minecraft:stone_brick_stairs":20,"minecraft:book":1,"minecraft:paper":3,"create:water_wheel":1,"minecraft:shield":1,"naturescompass:naturescompass":1,"minecraft:stick":20,"minecraft:iron_ingot":27,"minecraft:iron_pickaxe":1,"minecraft:gold_ingot":27,"minecraft:wooden_sword":1,"minecraft:raw_iron":18,"minecraft:stone_shovel":1,"minecraft:coal":18,"ironfurnaces:gold_furnace":1,"minecraft:iron_nugget":36,"irons_spellbooks:wandering_magician_leggings":1,"minecraft:furnace":4,"irons_spellbooks:graybeard_staff":1,"ars_nouveau:novice_spell_book":1,"minecraft:leather":4,"minecraft:iron_axe":1,"ars_nouveau:warp_scroll":1,"tetra:modular_double":2,"minecraft:birch_sign":3,"minecraft:wheat":207,"sophisticatedbackpacks:iron_backpack":3,"create:andesite_alloy":16,"minecraft:iron_sword":1,"sophisticatedbackpacks:gold_backpack":3,"minecraft:mangrove_planks":60,"minecraft:stone_axe":1,"minecraft:bread":69,"minecraft:air":0,"tetra:rack":1,"irons_spellbooks:wandering_magician_chestplate":1,"create:linear_chassis":6,"enigmaticlegacy:the_acknowledgment":1,"minecraft:wooden_axe":4,"minecraft:iron_shovel":1,"irons_spellbooks:inscription_table":1,"create:shaft":16,"irons_spellbooks:wandering_magician_boots":1,"minecraft:torch":12},"minecraft:used":{"irons_spellbooks:inscription_table":1,"minecraft:chest":4,"create:mechanical_bearing":1,"paraglider:goddess_statue":1,"minecraft:glass":140,"minecraft:lava_bucket":2,"tetra:modular_single":286,"minecraft:lantern":2,"minecraft:light_blue_bed":1,"minecraft:stone_brick_stairs":41,"minecraft:stone_bricks":111,"minecraft:item_frame":1,"ironfurnaces:iron_furnace":3,"minecraft:bow":1,"ars_nouveau:archwood_door":10,"create:shaft":1,"minecraft:furnace":2,"minecraft:mangrove_planks":33,"minecraft:oak_planks":8,"minecraft:wooden_pickaxe":28,"minecraft:leather_chestplate":1,"minecraft:blue_bed":1,"minecraft:golden_apple":1,"minecraft:sand":204,"tetra:modular_double":1352,"ars_nouveau:archwood_planks":85,"minecraft:blast_furnace":2,"waystones:waystone":3,"minecraft:bread":18,"tombstone:grave_key":29,"minecraft:gravel":4,"minecraft:wooden_sword":54,"minecraft:andesite":54,"minecraft:oak_fence":1,"ironfurnaces:gold_furnace":1,"minecraft:torch":5,"minecraft:dirt":117,"scalinghealth:heart_crystal":2,"farmersdelight:rope":26,"minecraft:wooden_axe":59,"vampirism:sunscreen_beacon":1,"minecraft:cooked_beef":4,"sophisticatedbackpacks:gold_backpack":1,"minecraft:water_bucket":2,"minecraft:birch_planks":33,"minecraft:baked_potato":1,"minecraft:stonecutter":2,"minecraft:crafting_table":13,"minecraft:birch_sign":1,"minecraft:white_bed":1,"minecraft:oak_log":1,"create:linear_chassis":6,"minecraft:apple":4,"tombstone:tablet_of_assistance":1,"create:water_wheel":1,"minecraft:spruce_sapling":1,"minecraft:cobblestone":85,"tetra:rack":2,"tetra:modular_bow":1,"minecraft:bucket":3},"minecraft:mined":{"minecraft:spruce_planks":1,"minecraft:white_bed":1,"create:andesite_casing":1,"minecraft:grass_block":13,"tetra:rack":1,"minecraft:coal_block":2,"mysticalagriculture:inferium_ore":5,"minecraft:chiseled_stone_bricks":1,"minecraft:spawner":3,"minecraft:raw_iron_block":2,"minecraft:iron_ore":9,"minecraft:pumpkin":1,"ars_nouveau:red_archwood_log":31,"minecraft:dirt_path":1,"minecraft:stripped_mangrove_wood":22,"minecraft:spruce_slab":2,"minecraft:kelp_plant":5,"ironfurnaces:iron_furnace":1,"minecraft:blast_furnace":2,"ars_nouveau:stripped_green_archwood_log":3,"ars_nouveau:archwood_door":4,"minecraft:glass":2,"minecraft:cobblestone":11,"minecraft:oak_planks":1,"minecraft:sugar_cane":2,"minecraft:wall_torch":1,"minecraft:cyan_wool":1,"ars_nouveau:archwood_planks":21,"minecraft:birch_log":141,"minecraft:wheat":20,"minecraft:lilac":1,"minecraft:stone_brick_stairs":1,"runecraft_metals_of_gielinor:tin_ore":3,"minecraft:grass":17,"minecraft:oak_log":19,"minecraft:sand":451,"minecraft:dirt":114,"minecraft:stonecutter":2,"minecraft:oak_leaves":46,"werewolves:silver_ore":11,"minecraft:stripped_mangrove_log":1,"minecraft:spruce_fence":1,"minecraft:spruce_leaves":12,"werewolves:jacaranda_log":1,"minecraft:hay_block":23,"minecraft:furnace":2,"werewolves:wolfsbane":5,"minecraft:andesite":237,"minecraft:gold_block":1,"minecraft:bookshelf":2,"farmersdelight:rope":1,"minecraft:vine":2,"gnumus:fragile_gnumus_jug":6,"irons_spellbooks:inscription_table":1,"minecraft:stone":505,"ars_nouveau:purple_archwood_log":56,"minecraft:glass_pane":3,"minecraft:oak_fence":1,"minecraft:crafting_table":3,"minecraft:copper_ore":10,"minecraft:diorite":6,"minecraft:blue_bed":2,"runecraft_metals_of_gielinor:mithril_ore":4,"minecraft:birch_planks":1,"minecraft:light_blue_bed":1,"tetra:basic_workbench":1,"ars_nouveau:purple_archwood_leaves":15,"minecraft:spruce_log":4,"minecraft:birch_leaves":6,"minecraft:coal_ore":18,"minecraft:end_rod":3,"minecraft:gravel":33,"minecraft:cobweb":4,"minecraft:stone_bricks":74,"minecraft:infested_stone":1,"paraglider:goddess_statue":1},"minecraft:killed":{"vampirism:vampire":1,"minecraft:cod":1,"werewolves:werewolf_beast":2,"minecraft:zombie":4,"werewolves:werewolf_survivalist":3,"minecraft:cow":2,"minecraft:vindicator":1,"gnumus:gnumus_hunter":1}},"DataVersion":3465}