{"stats":{"minecraft:killed":{"minecraft:witch":3,"irons_spellbooks:priest":1,"minecraft:skeleton":9,"minecraft:bee":1,"minecraft:drowned":2,"artifacts:mimic":1,"minecraft:sheep":8,"minecraft:zombie":81,"minecraft:cow":11},"minecraft:killed_by":{"irons_spellbooks:priest":2,"minecraft:drowned":2,"minecraft:bee":1,"minecraft:skeleton":1,"minecraft:witch":3,"minecraft:zombie":7},"minecraft:custom":{"enigmaticlegacy:play_time_with_seven_curses":220080,"lootr:looted_stat":54,"minecraft:mob_kills":117,"minecraft:interact_with_crafting_table":20,"minecraft:eat_cake_slice":1,"minecraft:leave_game":2,"minecraft:time_since_death":28561,"minecraft:climb_one_cm":17347,"minecraft:sprint_one_cm":1128341,"minecraft:walk_one_cm":626007,"minecraft:drop":71,"minecraft:talked_to_villager":1,"minecraft:play_time":229930,"minecraft:deaths":19,"minecraft:sneak_time":3160,"minecraft:walk_under_water_one_cm":345248,"minecraft:jump":1839,"minecraft:walk_on_water_one_cm":39354,"minecraft:total_world_time":229930,"minecraft:interact_with_furnace":11,"tombstone:raider_killed":3,"enigmaticlegacy:play_time_without_seven_curses":6459,"minecraft:time_since_rest":27861,"minecraft:waystone_activated":1,"minecraft:damage_taken":11445,"minecraft:damage_dealt":16559,"minecraft:minecart_one_cm":1727,"minecraft:swim_one_cm":218263,"minecraft:fly_one_cm":573242,"minecraft:open_chest":1,"minecraft:crouch_one_cm":10535,"tombstone:undead_killed":92,"minecraft:interact_with_smoker":1,"minecraft:fall_one_cm":33269,"minecraft:horse_one_cm":838},"minecraft:mined":{"minecraft:dark_prismarine":2,"minecraft:mossy_cobblestone":3,"minecraft:sea_lantern":1,"minecraft:spruce_fence":1,"minecraft:grass_block":1,"minecraft:stone_brick_wall":2,"minecraft:redstone_wire":1,"minecraft:spruce_leaves":6,"mysticalagriculture:inferium_ore":5,"minecraft:spawner":4,"minecraft:tall_seagrass":1,"minecraft:furnace":1,"minecraft:andesite":10,"minecraft:bookshelf":2,"ars_nouveau:red_archwood_log":27,"minecraft:vine":3,"minecraft:lantern":3,"gnumus:fragile_gnumus_jug":2,"minecraft:stone":24,"minecraft:spruce_slab":1,"minecraft:glass_pane":2,"minecraft:potted_brown_mushroom":1,"minecraft:soul_lantern":1,"minecraft:oak_fence":1,"minecraft:cornflower":1,"minecraft:stone_slab":1,"minecraft:tall_grass":5,"minecraft:copper_ore":23,"minecraft:oak_planks":3,"minecraft:diorite":1,"ars_nouveau:red_archwood_leaves":2,"minecraft:skeleton_skull":6,"minecraft:seagrass":2,"minecraft:birch_planks":2,"minecraft:spruce_log":24,"minecraft:potted_poppy":1,"runecraft_metals_of_gielinor:tin_ore":13,"minecraft:smooth_stone_slab":6,"minecraft:grass":57,"minecraft:coal_ore":21,"minecraft:oak_log":36,"minecraft:gravel":19,"minecraft:sand":208,"minecraft:dirt":37,"minecraft:cobweb":12,"minecraft:cracked_stone_bricks":1,"minecraft:stone_bricks":2,"minecraft:oak_leaves":18,"minecraft:suspicious_gravel":4},"minecraft:picked_up":{"irons_spellbooks:scroll":1,"ars_nouveau:red_archwood_log":28,"ars_nouveau:caster_tome":1,"minecraft:wheat":1,"minecraft:chicken":3,"minecraft:flower_pot":3,"gnumus:gnumus_claw":2,"minecraft:brown_mushroom":3,"minecraft:stone_slab":1,"minecraft:stone_brick_wall":2,"irons_spellbooks:holy_rune":1,"minecraft:enchanted_book":1,"minecraft:potion":1,"minecraft:string":24,"minecraft:raw_copper":178,"irons_spellbooks:heavy_chain_necklace":1,"minecraft:smooth_stone_slab":6,"minecraft:item_frame":1,"minecraft:experience_bottle":1,"minecraft:cracked_stone_bricks":3,"irons_spellbooks:arcane_essence":8,"mysticalagriculture:inferium_essence":43,"minecraft:tnt_minecart":1,"minecraft:bucket":2,"minecraft:beef":29,"farmersdelight:straw":5,"minecraft:poppy":1,"minecraft:spruce_slab":1,"minecraft:light_gray_wool":1,"minecraft:phantom_membrane":6,"minecraft:furnace":1,"minecraft:stick":3,"artifacts:universal_attractor":2,"sophisticatedbackpacks:backpack":1,"minecraft:spruce_fence":1,"minecraft:cake":1,"minecraft:diorite":1,"tombstone:grave_dust":13,"minecraft:trident":1,"minecraft:carrot":8,"minecraft:redstone":1,"minecraft:prismarine_crystals":6,"minecraft:arrow":100,"gnumus:vintage_metal":1,"minecraft:rotten_flesh":144,"minecraft:peony":30,"gnumus:gnumus_chickpeas":3,"everlastingabilities:ability_bottle":1,"farmersdelight:rope":2,"tombstone:essence_of_undeath":1,"minecraft:skeleton_skull":10,"gnumus:mouse_skin":4,"minecraft:mutton":13,"minecraft:white_wool":7,"minecraft:cobblestone":24,"runecraft_metals_of_gielinor:adamantite_ingot":1,"gnumus:gnumus_doubloons":2,"minecraft:feather":10,"minecraft:cooked_beef":14,"minecraft:water_bucket":1,"minecraft:andesite":10,"minecraft:leather":28,"minecraft:potato":15,"minecraft:birch_planks":2,"minecraft:filled_map":1,"paraglider:spirit_orb":12,"runecraft_metals_of_gielinor:raw_tin":11,"minecraft:flint":4,"minecraft:oak_log":36,"scalinghealth:bandages":5,"minecraft:gunpowder":2,"scalinghealth:heart_crystal":4,"minecraft:dirt":97,"minecraft:lantern":4,"gnumus:gnumus_pouch_2":1,"minecraft:bone":19,"minecraft:stone_bricks":2,"ars_nouveau:source_gem":3,"minecraft:wheat_seeds":22,"everlastingabilities:ability_totem":3,"minecraft:iron_ingot":6,"tombstone:bag_of_seeds":3,"minecraft:bamboo":2,"minecraft:iron_sword":2,"minecraft:oak_planks":3,"minecraft:book":11,"minecraft:ghast_tear":2,"scalinghealth:heart_crystal_shard":38,"minecraft:sweet_berries":2,"irons_spellbooks:legendary_ink":1,"tetra:modular_double":1,"minecraft:gravel":18,"minecraft:sand":233,"minecraft:spruce_sapling":1,"minecraft:dead_bush":1,"minecraft:spruce_log":23,"minecraft:lily_of_the_valley":2,"minecraft:mossy_cobblestone":3,"minecraft:spider_eye":2,"ars_nouveau:wilden_horn":2,"minecraft:bundle":4,"minecraft:pumpkin_seeds":3,"minecraft:slime_ball":39,"minecraft:soul_lantern":1,"waystones:waystone":4,"minecraft:golden_apple":1,"scalinghealth:cursed_heart":1,"minecraft:emerald":9,"tombstone:magic_scroll":1,"minecraft:oak_sapling":2,"minecraft:coal":50,"minecraft:ender_pearl":1},"minecraft:broken":{"minecraft:golden_helmet":1,"minecraft:wooden_axe":1},"minecraft:dropped":{"minecraft:iron_ingot":4,"minecraft:iron_sword":2,"minecraft:brown_mushroom":2,"minecraft:cooked_beef":15,"minecraft:ender_pearl":1,"minecraft:feather":10,"minecraft:book":5,"minecraft:cracked_stone_bricks":2,"artifacts:universal_attractor":1,"minecraft:golden_apple":1,"paraglider:spirit_orb":4,"minecraft:flint":2,"minecraft:emerald":6,"minecraft:dirt":17,"tombstone:bag_of_seeds":1,"runecraft_metals_of_gielinor:adamantite_ingot":1,"minecraft:tnt_minecart":1,"tombstone:grave_dust":2,"irons_spellbooks:arcane_essence":2,"minecraft:phantom_membrane":3,"minecraft:sand":6,"minecraft:string":12,"minecraft:bucket":2,"ars_nouveau:wilden_horn":2,"ars_nouveau:caster_tome":1,"ars_nouveau:source_gem":3,"minecraft:bone":5,"minecraft:gravel":1,"minecraft:raw_copper":58,"minecraft:wheat":1,"minecraft:rotten_flesh":17,"minecraft:oak_planks":2,"sophisticatedbackpacks:backpack":1,"minecraft:carrot":4,"minecraft:pumpkin_seeds":3,"irons_spellbooks:heavy_chain_necklace":1,"werewolves:dream_catcher":2,"minecraft:filled_map":1,"minecraft:potato":14,"minecraft:gunpowder":2,"mysticalagriculture:inferium_essence":2,"farmersdelight:rope":2,"minecraft:bamboo":2,"minecraft:slime_ball":6,"tetra:modular_double":1,"minecraft:ghast_tear":1},"minecraft:crafted":{"minecraft:oak_planks":80,"minecraft:iron_nugget":9,"irons_spellbooks:iron_spell_book":1,"minecraft:chain":3,"minecraft:furnace":1,"minecraft:chest":2,"minecraft:oak_fence":3,"tetra:modular_double":2,"sophisticatedbackpacks:iron_backpack":2,"minecraft:cooked_beef":32,"minecraft:oak_slab":6,"sophisticatedbackpacks:backpack":2,"minecraft:crafting_table":4,"minecraft:wooden_pickaxe":1,"minecraft:copper_ingot":47,"minecraft:stone_axe":1,"minecraft:air":0,"ironfurnaces:copper_furnace":1,"minecraft:stick":16,"enigmaticlegacy:the_acknowledgment":1,"minecraft:wooden_axe":1,"minecraft:white_bed":1,"irons_spellbooks:inscription_table":1},"minecraft:used":{"irons_spellbooks:inscription_table":1,"minecraft:trident":438,"ironfurnaces:copper_furnace":1,"tombstone:scroll_of_purification":1,"minecraft:torch":6,"scalinghealth:heart_crystal":4,"farmersdelight:flint_knife":133,"minecraft:wooden_axe":59,"minecraft:lantern":3,"minecraft:furnace":1,"minecraft:oak_sapling":2,"tombstone:gift":5,"minecraft:cooked_beef":29,"minecraft:golden_boots":1,"minecraft:water_bucket":4,"farmersdelight:iron_knife":57,"tombstone:scroll_of_knowledge":2,"farmersdelight:skillet":4,"minecraft:bundle":2,"minecraft:birch_planks":1,"minecraft:wooden_pickaxe":47,"minecraft:crafting_table":4,"tetra:modular_double":304,"minecraft:white_bed":1,"minecraft:cake":1,"waystones:waystone":1,"minecraft:bread":27,"minecraft:map":1,"minecraft:string":1,"tombstone:magic_scroll":1,"tombstone:grave_key":6,"minecraft:bucket":2}},"DataVersion":3465}