{"stats":{"minecraft:killed":{"minecraft:witch":3,"irons_spellbooks:priest":1,"minecraft:spider":1,"minecraft:skeleton":10,"minecraft:bee":1,"minecraft:piglin_brute":9,"artifacts:mimic":1,"minecraft:magma_cube":26,"minecraft:sheep":8,"minecraft:pillager":3,"minecraft:zombie":84,"minecraft:stray":2,"minecraft:blaze":1,"minecraft:cow":11,"minecraft:vindicator":1,"minecraft:drowned":2,"minecraft:wither_skeleton":1},"minecraft:killed_by":{"irons_spellbooks:priest":2,"minecraft:wither_skeleton":8,"minecraft:piglin_brute":7,"minecraft:drowned":2,"minecraft:magma_cube":10,"minecraft:blaze":3,"minecraft:witch":3,"minecraft:zombie":9,"vampirism:vampire":1,"minecraft:iron_golem":2,"minecraft:bee":1,"minecraft:hoglin":2,"minecraft:skeleton":2,"creeperoverhaul:snowy_creeper":1},"minecraft:custom":{"enigmaticlegacy:play_time_with_seven_curses":404568,"lootr:looted_stat":100,"minecraft:interact_with_crafting_table":41,"minecraft:eat_cake_slice":1,"minecraft:leave_game":2,"minecraft:time_since_death":0,"minecraft:sprint_one_cm":2086455,"minecraft:drop":86,"vampirism:interact_with_totem":1,"minecraft:talked_to_villager":2,"minecraft:play_time":415930,"minecraft:deaths":68,"minecraft:jump":2822,"minecraft:walk_on_water_one_cm":55334,"minecraft:interact_with_furnace":15,"minecraft:sleep_in_bed":8,"minecraft:waystone_activated":3,"tombstone:sneak_grave":2,"minecraft:damage_dealt":18394,"minecraft:crouch_one_cm":33819,"tombstone:undead_killed":99,"minecraft:interact_with_smoker":1,"minecraft:inspect_dispenser":3,"minecraft:horse_one_cm":838,"minecraft:interact_with_smithing_table":1,"minecraft:mob_kills":166,"minecraft:climb_one_cm":19239,"minecraft:walk_one_cm":1296887,"minecraft:sneak_time":11212,"minecraft:walk_under_water_one_cm":351141,"minecraft:total_world_time":415930,"tombstone:raider_killed":7,"enigmaticlegacy:play_time_without_seven_curses":6459,"minecraft:time_since_rest":32,"minecraft:damage_taken":45237,"minecraft:minecart_one_cm":1727,"minecraft:swim_one_cm":221433,"minecraft:fly_one_cm":1077857,"minecraft:open_chest":1,"minecraft:fall_one_cm":112561},"minecraft:mined":{"minecraft:spruce_planks":2,"minecraft:orange_wool":2,"minecraft:stone_brick_wall":2,"minecraft:grass_block":1,"minecraft:polished_diorite":1,"mysticalagriculture:inferium_ore":5,"minecraft:spawner":22,"minecraft:tall_seagrass":1,"minecraft:nether_brick_stairs":1,"ars_nouveau:red_archwood_log":27,"minecraft:iron_bars":10,"minecraft:end_stone_bricks":4,"minecraft:iron_block":7,"farmersdelight:rich_soil_farmland":15,"minecraft:spruce_slab":1,"minecraft:gray_terracotta":1,"minecraft:brown_mushroom":10,"minecraft:potted_brown_mushroom":1,"minecraft:cyan_terracotta":1,"farmersdelight:organic_compost":40,"minecraft:soul_lantern":1,"minecraft:cobblestone":2,"minecraft:oak_planks":4,"ars_nouveau:red_archwood_leaves":2,"minecraft:skeleton_skull":6,"minecraft:seagrass":2,"paraglider:horned_statue":1,"minecraft:potted_poppy":1,"minecraft:smooth_stone_slab":6,"runecraft_metals_of_gielinor:tin_ore":13,"minecraft:grass":58,"minecraft:oak_log":36,"minecraft:dirt":43,"minecraft:sand":208,"minecraft:smooth_basalt":14,"minecraft:stonecutter":1,"minecraft:oak_leaves":18,"werewolves:silver_ore":2,"minecraft:suspicious_gravel":4,"minecraft:dark_prismarine":2,"farmersdelight:onions":8,"minecraft:mossy_cobblestone":4,"minecraft:sea_lantern":1,"minecraft:spruce_fence":1,"minecraft:redstone_wire":1,"minecraft:spruce_leaves":6,"minecraft:furnace":1,"minecraft:andesite":10,"minecraft:stripped_spruce_log":2,"evilcraft:dark_ore":1,"minecraft:bookshelf":6,"minecraft:potatoes":17,"minecraft:vine":3,"minecraft:lantern":3,"minecraft:packed_ice":10,"gnumus:fragile_gnumus_jug":2,"minecraft:stone":87,"ars_nouveau:purple_archwood_log":60,"minecraft:glass_pane":2,"minecraft:oak_fence":2,"minecraft:cornflower":1,"minecraft:stone_slab":1,"minecraft:copper_ore":23,"minecraft:tall_grass":5,"minecraft:diorite":12,"minecraft:red_terracotta":2,"minecraft:birch_planks":2,"ars_nouveau:purple_archwood_leaves":6,"tetra:basic_workbench":1,"minecraft:spruce_log":24,"minecraft:black_wool":4,"minecraft:coal_ore":21,"minecraft:gravel":19,"minecraft:cobweb":12,"minecraft:cracked_stone_bricks":1,"minecraft:polished_andesite":8,"minecraft:stone_bricks":2},"minecraft:picked_up":{"irons_spellbooks:scroll":1,"ars_nouveau:caster_tome":1,"minecraft:wheat":1,"minecraft:flower_pot":3,"gnumus:gnumus_claw":2,"minecraft:stone_slab":1,"irons_spellbooks:holy_rune":1,"minecraft:potion":1,"minecraft:enchanted_book":2,"minecraft:stone_brick_stairs":1,"minecraft:string":53,"minecraft:raw_copper":178,"irons_spellbooks:heavy_chain_necklace":1,"minecraft:smooth_stone_slab":6,"minecraft:experience_bottle":1,"irons_spellbooks:arcane_essence":8,"minecraft:tnt_minecart":1,"mysticalagriculture:inferium_essence":49,"minecraft:gold_nugget":6,"minecraft:comparator":1,"minecraft:bucket":2,"minecraft:spruce_planks":3,"minecraft:cobblestone_slab":1,"minecraft:furnace":1,"minecraft:tipped_arrow":3,"artifacts:universal_attractor":2,"minecraft:stick":3,"minecraft:oak_fence":1,"minecraft:torch":3,"tombstone:grave_dust":15,"minecraft:diorite":12,"gnumus:vintage_metal":1,"minecraft:rotten_flesh":149,"farmersdelight:onion":9,"minecraft:iron_block":7,"minecraft:cyan_terracotta":1,"gnumus:gnumus_chickpeas":3,"farmersdelight:rope":2,"minecraft:blaze_rod":1,"minecraft:iron_bars":10,"minecraft:blaze_powder":15,"minecraft:cobblestone":99,"gnumus:gnumus_doubloons":2,"minecraft:feather":10,"minecraft:cooked_beef":14,"minecraft:magma_cream":11,"minecraft:water_bucket":1,"minecraft:andesite":10,"minecraft:potato":47,"enigmaticlegacy:golem_heart":1,"paraglider:spirit_orb":46,"minecraft:flint":4,"minecraft:lapis_lazuli":1,"minecraft:dirt":104,"minecraft:lantern":7,"gnumus:gnumus_pouch_2":1,"minecraft:bone":32,"minecraft:acacia_planks":9,"minecraft:gray_terracotta":2,"minecraft:bow":1,"minecraft:stonecutter":1,"minecraft:wheat_seeds":22,"ars_nouveau:source_gem":3,"everlastingabilities:ability_totem":4,"minecraft:bamboo":2,"minecraft:oak_planks":10,"minecraft:ghast_tear":2,"minecraft:black_terracotta":3,"irons_spellbooks:frozen_bone":10,"tetra:modular_double":1,"irons_spellbooks:legendary_ink":1,"minecraft:sand":233,"minecraft:stripped_spruce_log":4,"minecraft:nether_brick_stairs":12,"minecraft:lily_of_the_valley":2,"minecraft:dead_bush":1,"minecraft:red_terracotta":4,"ars_nouveau:wilden_horn":2,"minecraft:mossy_cobblestone":3,"minecraft:orange_wool":2,"minecraft:polished_andesite":19,"minecraft:bundle":4,"minecraft:soul_lantern":1,"waystones:waystone":4,"minecraft:golden_apple":1,"minecraft:emerald":20,"scalinghealth:cursed_heart":1,"minecraft:bread":6,"minecraft:oak_sapling":2,"minecraft:end_stone_bricks":4,"ars_nouveau:red_archwood_log":28,"minecraft:crafting_table":1,"minecraft:azure_bluet":1,"minecraft:chicken":3,"minecraft:clay_ball":2,"minecraft:brown_mushroom":14,"minecraft:stone_brick_wall":2,"minecraft:netherite_scrap":1,"minecraft:item_frame":6,"minecraft:cracked_stone_bricks":3,"minecraft:beef":29,"farmersdelight:straw":5,"minecraft:poppy":1,"minecraft:light_gray_wool":1,"minecraft:spruce_slab":1,"minecraft:phantom_membrane":6,"minecraft:egg":2,"ars_nouveau:purple_archwood_log":60,"minecraft:spruce_fence":2,"sophisticatedbackpacks:backpack":1,"ars_nouveau:purple_archwood_sapling":1,"werewolves:raw_silver":2,"minecraft:cake":1,"minecraft:trident":1,"minecraft:carrot":8,"minecraft:redstone":1,"minecraft:prismarine_crystals":6,"minecraft:tnt":1,"minecraft:arrow":142,"minecraft:peony":30,"minecraft:nether_bricks":9,"everlastingabilities:ability_bottle":1,"tombstone:essence_of_undeath":1,"minecraft:gold_ingot":1,"sophisticatedbackpacks:copper_backpack":2,"paraglider:horned_statue":1,"gnumus:mouse_skin":4,"minecraft:mutton":13,"minecraft:skeleton_skull":10,"minecraft:white_wool":7,"runecraft_metals_of_gielinor:adamantite_ingot":1,"farmersdelight:rich_soil":15,"minecraft:glow_ink_sac":1,"minecraft:leather":28,"minecraft:acacia_wood":1,"minecraft:filled_map":1,"minecraft:birch_planks":2,"runecraft_metals_of_gielinor:raw_tin":11,"minecraft:oak_log":36,"scalinghealth:bandages":8,"minecraft:gunpowder":3,"minecraft:cobblestone_wall":1,"minecraft:cobblestone_stairs":1,"scalinghealth:heart_crystal":6,"farmersdelight:organic_compost":40,"minecraft:stone_bricks":11,"minecraft:iron_ingot":6,"tombstone:bag_of_seeds":3,"minecraft:iron_sword":2,"minecraft:book":23,"scalinghealth:heart_crystal_shard":42,"minecraft:smooth_basalt":14,"minecraft:sweet_berries":2,"minecraft:gravel":18,"minecraft:spruce_sapling":1,"minecraft:spruce_log":23,"minecraft:dark_oak_fence_gate":2,"minecraft:spider_eye":4,"minecraft:pumpkin_seeds":3,"minecraft:slime_ball":43,"minecraft:polished_diorite":1,"evilcraft:dark_gem":6,"tombstone:magic_scroll":1,"minecraft:black_wool":4,"minecraft:coal":53,"minecraft:ender_pearl":5},"minecraft:broken":{"minecraft:golden_helmet":1,"minecraft:golden_boots":1,"minecraft:wooden_axe":1,"minecraft:golden_pickaxe":1},"minecraft:dropped":{"minecraft:iron_sword":2,"minecraft:brown_mushroom":2,"minecraft:cooked_beef":15,"minecraft:ender_pearl":1,"minecraft:cracked_stone_bricks":2,"everlastingabilities:ability_totem":2,"artifacts:universal_attractor":1,"paraglider:spirit_orb":4,"minecraft:emerald":6,"minecraft:flint":2,"minecraft:dirt":17,"tombstone:bag_of_seeds":1,"minecraft:tnt_minecart":1,"irons_spellbooks:arcane_essence":2,"farmersdelight:onion":3,"minecraft:phantom_membrane":3,"minecraft:sand":6,"ars_nouveau:wilden_horn":2,"ars_nouveau:source_gem":3,"minecraft:bone":5,"minecraft:gravel":1,"minecraft:wheat":1,"minecraft:rotten_flesh":17,"minecraft:oak_planks":2,"minecraft:carrot":4,"werewolves:dream_catcher":2,"irons_spellbooks:heavy_chain_necklace":1,"minecraft:gunpowder":2,"mysticalagriculture:inferium_essence":2,"farmersdelight:rope":2,"tetra:modular_double":1,"minecraft:ghast_tear":1,"minecraft:iron_ingot":4,"minecraft:stripped_spruce_log":2,"minecraft:feather":10,"minecraft:cobblestone":2,"minecraft:book":5,"enigmaticlegacy:golem_heart":1,"minecraft:coal":2,"minecraft:golden_apple":1,"runecraft_metals_of_gielinor:adamantite_ingot":1,"tombstone:grave_dust":2,"minecraft:string":28,"minecraft:bucket":2,"ars_nouveau:caster_tome":1,"minecraft:raw_copper":58,"sophisticatedbackpacks:backpack":1,"minecraft:pumpkin_seeds":3,"minecraft:filled_map":1,"minecraft:potato":20,"minecraft:bamboo":2,"minecraft:slime_ball":6,"sophisticatedbackpacks:copper_backpack":3},"minecraft:crafted":{"minecraft:oak_planks":104,"ars_nouveau:archwood_planks":12,"irons_spellbooks:iron_spell_book":1,"minecraft:chain":3,"sophisticatedbackpacks:copper_backpack":1,"minecraft:chest":5,"minecraft:oak_fence":3,"minecraft:oak_slab":6,"sophisticatedbackpacks:backpack":4,"irons_spellbooks:copper_spell_book":1,"minecraft:crafting_table":9,"minecraft:spruce_planks":4,"minecraft:wooden_pickaxe":1,"minecraft:copper_ingot":47,"minecraft:paper":12,"sophisticatedbackpacks:diamond_backpack":2,"minecraft:stick":20,"minecraft:gold_ingot":27,"minecraft:black_bed":1,"minecraft:iron_nugget":9,"minecraft:furnace":1,"tarotcards:tarot_deck":1,"tetra:modular_double":2,"sophisticatedbackpacks:iron_backpack":3,"minecraft:cooked_beef":32,"sophisticatedbackpacks:gold_backpack":3,"scalinghealth:heart_crystal":2,"minecraft:stone_axe":1,"minecraft:air":0,"ironfurnaces:copper_furnace":1,"minecraft:white_wool":4,"enigmaticlegacy:the_acknowledgment":1,"minecraft:wooden_axe":1,"minecraft:white_bed":2,"irons_spellbooks:inscription_table":1},"minecraft:used":{"irons_spellbooks:inscription_table":1,"sophisticatedbackpacks:copper_backpack":1,"tombstone:scroll_of_purification":1,"minecraft:orange_wool":1,"minecraft:lava_bucket":3,"tetra:modular_single":64,"minecraft:lantern":3,"minecraft:stone_bricks":1,"minecraft:bow":191,"minecraft:oak_sapling":2,"minecraft:furnace":1,"minecraft:golden_boots":1,"minecraft:ender_pearl":1,"minecraft:wooden_pickaxe":47,"tetra:modular_double":447,"minecraft:black_bed":1,"waystones:waystone":3,"minecraft:bread":52,"minecraft:string":3,"tombstone:grave_key":9,"minecraft:golden_pickaxe":33,"minecraft:trident":443,"ironfurnaces:copper_furnace":1,"minecraft:torch":19,"farmersdelight:flint_knife":133,"scalinghealth:heart_crystal":7,"minecraft:polished_diorite":1,"minecraft:wooden_axe":59,"minecraft:smooth_basalt":14,"scalinghealth:bandages":2,"tombstone:gift":7,"minecraft:cooked_beef":31,"minecraft:golden_axe":80,"farmersdelight:iron_knife":57,"minecraft:water_bucket":9,"tombstone:scroll_of_knowledge":2,"farmersdelight:skillet":4,"minecraft:birch_planks":1,"minecraft:bundle":2,"minecraft:polished_andesite":15,"minecraft:crafting_table":10,"minecraft:white_bed":2,"minecraft:cake":1,"minecraft:gray_terracotta":1,"minecraft:map":1,"tombstone:magic_scroll":1,"minecraft:cobblestone":47,"minecraft:bucket":11}},"DataVersion":3465}