{"stats":{"minecraft:dropped":{"minecraft:mossy_cobblestone":1,"sophisticatedbackpacks:gold_backpack":1,"tombstone:grave_key":1,"theoneprobe:probenote":1,"minecraft:sand":8,"minecraft:dark_oak_planks":1,"minecraft:compass":2,"minecraft:bowl":1,"minecraft:leather_boots":1,"minecraft:dark_prismarine":2},"minecraft:crafted":{"minecraft:wooden_sword":2,"ars_nouveau:archwood_planks":8,"irons_spellbooks:iron_spell_book":1,"werewolves:stone_altar_fire_bowl":4,"minecraft:stone":32,"tarotcards:tarot_deck":1,"minecraft:flint_and_steel":1,"ars_nouveau:source_berry_roll":11,"tombstone:grave_key":1,"minecraft:chest":4,"minecraft:dark_oak_planks":8,"minecraft:stone_bricks":32,"tetra:modular_double":2,"sophisticatedbackpacks:iron_backpack":3,"sophisticatedbackpacks:backpack":3,"minecraft:crafting_table":2,"minecraft:spruce_planks":48,"minecraft:wooden_pickaxe":2,"werewolves:stone_altar":1,"minecraft:clock":1,"sophisticatedbackpacks:gold_backpack":3,"minecraft:air":0,"minecraft:white_wool":3,"naturescompass:naturescompass":1,"minecraft:stick":20,"minecraft:iron_ingot":9,"minecraft:compass":1,"minecraft:wooden_axe":3,"minecraft:gold_ingot":27,"minecraft:white_bed":1,"minecraft:torch":16},"minecraft:picked_up":{"minecraft:wooden_axe":1,"sophisticatedbackpacks:gold_backpack":1,"minecraft:crafting_table":18,"minecraft:chicken":3,"minecraft:ladder":2,"minecraft:creeper_head":1,"minecraft:flower_pot":1,"minecraft:leather_leggings":1,"minecraft:brown_mushroom":36,"gnumus:gnumus_claw":3,"minecraft:oak_stairs":2,"tombstone:grave_key":1,"minecraft:jungle_trapdoor":1,"minecraft:oak_trapdoor":1,"minecraft:string":33,"minecraft:item_frame":3,"minecraft:white_carpet":2,"minecraft:compass":1,"werewolves:wolf_berries":3,"minecraft:experience_bottle":1,"minecraft:sea_pickle":4,"minecraft:tnt_minecart":1,"mysticalagriculture:inferium_essence":9,"minecraft:spruce_planks":20,"farmersdelight:straw":2,"minecraft:spruce_slab":1,"werewolves:pelt":1,"minecraft:coal_block":2,"minecraft:melon_slice":13,"minecraft:sugar_cane":10,"minecraft:furnace":4,"minecraft:egg":4,"minecraft:tipped_arrow":2,"minecraft:stick":4,"minecraft:polished_deepslate_slab":17,"gnumus:juicy_meat":1,"minecraft:polished_deepslate_stairs":15,"minecraft:torch":2,"werewolves:liver":1,"minecraft:spruce_stairs":3,"minecraft:spruce_fence":9,"werewolves:wolfsbane":1,"werewolves:stone_altar_fire_bowl":4,"minecraft:diorite":25,"minecraft:carrot":3,"minecraft:redstone":2,"minecraft:dark_oak_planks":2,"ars_nouveau:green_archwood_log":2,"minecraft:arrow":34,"minecraft:rotten_flesh":6,"minecraft:decorated_pot":1,"farmersdelight:onion":52,"minecraft:deepslate_bricks":1,"minecraft:hay_block":18,"minecraft:iron_block":1,"everlastingabilities:ability_bottle":1,"minecraft:gold_ingot":4,"ars_nouveau:sourceberry_bush":42,"paraglider:horned_statue":2,"gnumus:mouse_skin":4,"minecraft:skeleton_skull":9,"minecraft:cobblestone":75,"farmersdelight:rich_soil":51,"gnumus:gnumus_doubloons":1,"minecraft:feather":1,"minecraft:andesite":24,"minecraft:leather":6,"minecraft:smoker":1,"minecraft:potato":59,"paraglider:spirit_orb":16,"scalinghealth:bandages":2,"minecraft:yellow_bed":1,"scalinghealth:heart_crystal":1,"minecraft:dirt":18,"minecraft:lantern":9,"gnumus:gnumus_pouch_2":1,"farmersdelight:organic_compost":48,"minecraft:bone":32,"minecraft:apple":1,"minecraft:stone_bricks":1,"minecraft:wheat_seeds":1,"minecraft:rabbit_hide":2,"tombstone:bag_of_seeds":1,"minecraft:bamboo":1,"werewolves:stone_altar":5,"minecraft:book":8,"minecraft:scaffolding":1,"minecraft:red_wool":4,"minecraft:sand":93,"vampirism:crucifix_normal":1,"minecraft:jungle_planks":2,"minecraft:amethyst_shard":2,"minecraft:stripped_spruce_log":4,"minecraft:spruce_sapling":5,"minecraft:white_bed":1,"minecraft:spruce_log":30,"minecraft:dark_oak_log":2,"minecraft:leather_helmet":2,"minecraft:mossy_cobblestone":3,"minecraft:dark_prismarine":3,"minecraft:slime_ball":1,"waystones:waystone":4,"vampirism:dark_stone_bricks":1,"minecraft:granite":1,"minecraft:bread":1,"minecraft:emerald":7,"werewolves:cracked_bone":6,"tombstone:magic_scroll":1,"minecraft:black_wool":3,"minecraft:coal":3,"minecraft:charcoal":2,"minecraft:ender_pearl":6},"minecraft:killed_by":{"minecraft:stray":1,"minecraft:spider":2,"minecraft:enderman":1,"gnumus:gnumus_hunter_not_dispawn":1,"minecraft:skeleton":11,"minecraft:zombie":3,"werewolves:werewolf_beast":7,"werewolves:werewolf_survivalist":5},"minecraft:custom":{"enigmaticlegacy:play_time_with_seven_curses":138495,"lootr:looted_stat":102,"minecraft:mob_kills":31,"minecraft:animals_bred":1,"minecraft:interact_with_crafting_table":50,"minecraft:open_barrel":1,"minecraft:damage_dealt_resisted":19,"minecraft:eat_cake_slice":13,"minecraft:leave_game":4,"minecraft:time_since_death":10344,"minecraft:climb_one_cm":40028,"minecraft:sprint_one_cm":1146749,"minecraft:walk_one_cm":542821,"minecraft:drop":12,"vampirism:interact_with_totem":1,"vampirism:skills_unlocked":8,"minecraft:talked_to_villager":6,"minecraft:play_time":320736,"minecraft:deaths":42,"minecraft:sneak_time":2222,"minecraft:walk_under_water_one_cm":23136,"minecraft:interact_with_lectern":1,"minecraft:interact_with_brewingstand":1,"minecraft:jump":2647,"minecraft:walk_on_water_one_cm":49362,"minecraft:total_world_time":320736,"minecraft:interact_with_furnace":16,"enigmaticlegacy:play_time_without_seven_curses":177487,"minecraft:sleep_in_bed":11,"minecraft:time_since_rest":9903,"minecraft:waystone_activated":2,"minecraft:damage_taken":17753,"minecraft:damage_dealt":7507,"minecraft:minecart_one_cm":2544,"minecraft:swim_one_cm":160918,"minecraft:fly_one_cm":667880,"minecraft:open_chest":6,"minecraft:crouch_one_cm":2827,"tombstone:undead_killed":17,"minecraft:interact_with_smoker":1,"minecraft:fall_one_cm":74044,"minecraft:interact_with_smithing_table":2},"minecraft:killed":{"minecraft:spider":1,"minecraft:skeleton":11,"werewolves:werewolf_beast":4,"gnumus:gnumus_hunter_not_dispawn":1,"minecraft:zombie":6,"minecraft:enderman":1},"minecraft:used":{"minecraft:oak_trapdoor":1,"minecraft:flint_and_steel":4,"minecraft:rotten_flesh":2,"minecraft:torch":7,"minecraft:dirt":3,"scalinghealth:heart_crystal":1,"tetra:modular_sword":209,"minecraft:white_carpet":1,"minecraft:spruce_stairs":1,"minecraft:jungle_planks":3,"minecraft:polished_deepslate_stairs":6,"paraglider:horned_statue":1,"minecraft:wooden_axe":134,"minecraft:lava_bucket":30,"werewolves:stone_altar":6,"minecraft:item_frame":1,"minecraft:scaffolding":1,"minecraft:furnace":2,"tombstone:gift":2,"farmersdelight:iron_knife":189,"minecraft:diorite":9,"minecraft:wooden_pickaxe":119,"minecraft:leather_boots":1,"minecraft:glow_berries":13,"minecraft:polished_deepslate_slab":1,"minecraft:mossy_cobblestone":2,"minecraft:sand":5,"minecraft:crafting_table":16,"tetra:modular_double":369,"minecraft:white_bed":2,"waystones:waystone":2,"werewolves:stone_altar_fire_bowl":4,"minecraft:bread":4,"minecraft:leather_helmet":1,"minecraft:suspicious_stew":1,"minecraft:melon_slice":1,"tombstone:grave_key":4,"minecraft:wooden_sword":78,"minecraft:cobblestone":5,"minecraft:bucket":30,"minecraft:yellow_bed":1,"minecraft:pumpkin_pie":2},"minecraft:mined":{"minecraft:dark_oak_planks":1,"minecraft:dark_prismarine":1,"farmersdelight:onions":16,"minecraft:spruce_planks":20,"minecraft:white_bed":1,"farmersdelight:rich_soil":24,"werewolves:wolf_berry_bush":1,"minecraft:mossy_cobblestone":3,"minecraft:dark_oak_log":2,"minecraft:granite":1,"minecraft:chiseled_bookshelf":1,"minecraft:grass_block":2,"minecraft:spruce_fence":9,"minecraft:decorated_pot":1,"minecraft:jungle_planks":5,"minecraft:redstone_wire":1,"minecraft:deepslate_bricks":1,"minecraft:coal_block":2,"minecraft:spruce_leaves":50,"ars_nouveau:sourceberry_bush":18,"minecraft:potted_bamboo":1,"minecraft:spawner":8,"minecraft:large_fern":8,"minecraft:hay_block":18,"minecraft:oak_trapdoor":1,"minecraft:furnace":4,"minecraft:fire":12,"werewolves:wolfsbane":1,"minecraft:andesite":24,"minecraft:stripped_spruce_log":6,"minecraft:chiseled_deepslate":1,"werewolves:stone_altar_fire_bowl":4,"minecraft:potatoes":20,"minecraft:polished_deepslate_slab":17,"minecraft:oak_stairs":2,"minecraft:packed_ice":1,"gnumus:fragile_gnumus_jug":3,"minecraft:stone":72,"farmersdelight:rich_soil_farmland":27,"minecraft:spruce_slab":1,"minecraft:jungle_trapdoor":1,"minecraft:scaffolding":1,"minecraft:brown_mushroom":24,"minecraft:glass_pane":2,"ars_nouveau:green_archwood_log":2,"minecraft:red_wool":5,"farmersdelight:organic_compost":48,"minecraft:polished_deepslate_stairs":15,"minecraft:smoker":1,"werewolves:stone_altar":5,"minecraft:crafting_table":12,"minecraft:torch":1,"minecraft:melon":3,"farmersdelight:brown_mushroom_colony":1,"minecraft:cobblestone":3,"minecraft:oak_planks":4,"minecraft:sugar_cane":2,"minecraft:diorite":25,"minecraft:skeleton_skull":9,"minecraft:spruce_stairs":3,"minecraft:sea_pickle":1,"tetra:basic_workbench":6,"paraglider:horned_statue":2,"minecraft:creeper_head":1,"minecraft:spruce_log":29,"minecraft:white_carpet":2,"minecraft:yellow_bed":1,"minecraft:black_wool":3,"minecraft:grass":8,"minecraft:sand":100,"minecraft:dirt":16,"minecraft:cobweb":21,"minecraft:stone_bricks":1,"minecraft:oak_leaves":2,"vampirism:dark_stone_bricks":1},"minecraft:broken":{"minecraft:leather_helmet":3,"minecraft:leather_leggings":1,"minecraft:wooden_pickaxe":1,"minecraft:wooden_sword":1,"minecraft:leather_boots":1,"minecraft:wooden_axe":2}},"DataVersion":3465}