{"stats":{"minecraft:killed":{"minecraft:skeleton":1,"minecraft:chicken":1,"minecraft:sheep":4},"minecraft:killed_by":{"minecraft:player":7,"minecraft:silverfish":1},"minecraft:custom":{"enigmaticlegacy:play_time_with_seven_curses":0,"lootr:looted_stat":3,"minecraft:mob_kills":7,"minecraft:interact_with_anvil":1,"minecraft:animals_bred":1,"minecraft:interact_with_crafting_table":37,"minecraft:open_barrel":17,"goblintraders:trade_with_goblin":6,"minecraft:time_since_death":137248,"minecraft:sprint_one_cm":274901,"minecraft:walk_one_cm":371132,"minecraft:damage_blocked_by_shield":1275,"minecraft:drop":1858,"minecraft:play_time":253102,"minecraft:deaths":10,"minecraft:sneak_time":12133,"minecraft:walk_under_water_one_cm":2028,"minecraft:jump":1229,"minecraft:walk_on_water_one_cm":12730,"minecraft:total_world_time":253102,"minecraft:interact_with_furnace":16,"enigmaticlegacy:play_time_without_seven_curses":252094,"minecraft:sleep_in_bed":3,"minecraft:waystone_activated":1,"minecraft:time_since_rest":11503,"minecraft:damage_taken":3516,"minecraft:damage_dealt":2288,"minecraft:swim_one_cm":3424,"minecraft:fly_one_cm":335811,"minecraft:crouch_one_cm":10961,"tombstone:undead_killed":1,"minecraft:fall_one_cm":9990},"minecraft:mined":{"minecraft:polished_granite_slab":1,"farmersdelight:wild_carrots":17,"minecraft:granite":105,"minecraft:grass_block":9,"minecraft:polished_diorite":51,"elevatorid:elevator_yellow":3,"minecraft:oxeye_daisy":1,"gnumus:scion_weed":2,"minecraft:furnace":2,"minecraft:pumpkin":9,"minecraft:azure_bluet":2,"minecraft:stone":229,"minecraft:polished_granite_stairs":3,"ars_nouveau:purple_archwood_log":1,"minecraft:oak_slab":28,"minecraft:glass_pane":5,"minecraft:dandelion":31,"minecraft:polished_granite":1,"minecraft:oak_fence":7,"minecraft:crafting_table":4,"minecraft:tall_grass":46,"minecraft:oak_planks":1,"minecraft:diorite":183,"sophisticatedbackpacks:diamond_backpack":1,"minecraft:wheat":11,"minecraft:grass":350,"minecraft:oak_log":51,"minecraft:sand":99,"minecraft:dirt":76,"minecraft:oak_leaves":6,"werewolves:silver_ore":1,"minecraft:infested_stone":2},"minecraft:picked_up":{"minecraft:crafting_table":3,"minecraft:wheat":11,"minecraft:azure_bluet":2,"vampirism:heart_striker_enhanced":4,"minecraft:glass_pane":1215,"minecraft:oak_boat":3,"minecraft:light_gray_wool":1,"minecraft:furnace":2,"minecraft:stick":3,"ars_nouveau:purple_archwood_log":4,"minecraft:oak_fence":7,"werewolves:raw_silver":1,"minecraft:cake":1,"minecraft:carrot":17,"tombstone:grave_dust":4,"minecraft:diorite":172,"minecraft:polished_granite_stairs":3,"minecraft:arrow":2,"minecraft:stone_shovel":1,"minecraft:shears":2,"elevatorid:elevator_yellow":3,"everlastingabilities:ability_bottle":1,"relics:aqua_walker":1,"minecraft:mutton":4,"minecraft:white_wool":3,"irons_spellbooks:copper_spell_book":3,"minecraft:cobblestone":216,"minecraft:oxeye_daisy":1,"minecraft:andesite":847,"minecraft:oak_log":51,"minecraft:dirt":77,"minecraft:polished_granite":1,"minecraft:cooked_mutton":4,"minecraft:bone":5,"minecraft:wheat_seeds":169,"minecraft:oak_planks":1,"sophisticatedbackpacks:diamond_backpack":1,"minecraft:oak_slab":28,"minecraft:cooked_porkchop":3,"minecraft:pumpkin":9,"minecraft:dandelion":31,"minecraft:sand":131,"minecraft:pumpkin_seeds":8,"minecraft:diamond":1,"minecraft:polished_diorite":51,"minecraft:polished_granite_slab":1,"minecraft:granite":94,"minecraft:gray_wool":13,"minecraft:oak_sapling":3,"minecraft:black_wool":10},"minecraft:broken":{"minecraft:wooden_pickaxe":8,"minecraft:stone_pickaxe":1},"minecraft:dropped":{"minecraft:wheat_seeds":96,"irons_spellbooks:scroll":1,"minecraft:dirt":12,"relics:aqua_walker":2,"tombstone:grave_dust":4,"minecraft:sand":3,"irons_spellbooks:copper_spell_book":4,"minecraft:stone_shovel":1,"vampirism:heart_striker_enhanced":5,"minecraft:shears":2,"minecraft:glass_pane":1241,"minecraft:pumpkin_seeds":8,"minecraft:andesite":1039},"minecraft:crafted":{"minecraft:oak_planks":192,"minecraft:yellow_wool":25,"minecraft:stone_shovel":1,"minecraft:polished_granite_slab":48,"ars_nouveau:archwood_planks":12,"minecraft:furnace":2,"minecraft:bone_meal":6,"minecraft:cooked_mutton":3,"minecraft:glass_pane":80,"minecraft:glass":32,"minecraft:polished_diorite":184,"minecraft:polished_granite_stairs":44,"minecraft:iron_hoe":1,"ars_nouveau:archwood_door":3,"minecraft:stone_pickaxe":1,"minecraft:oak_fence":39,"minecraft:oak_slab":186,"minecraft:wooden_shovel":1,"minecraft:emerald":6,"minecraft:crafting_table":3,"minecraft:wooden_pickaxe":10,"minecraft:baked_potato":0,"minecraft:polished_granite":92,"minecraft:stone_axe":1,"minecraft:air":0,"minecraft:oak_boat":1,"minecraft:yellow_dye":26,"minecraft:stick":56,"elevatorid:elevator_yellow":3,"minecraft:shears":1},"minecraft:used":{"minecraft:oak_fence":46,"minecraft:polished_granite_stairs":47,"minecraft:stone_shovel":84,"minecraft:shield":44,"minecraft:dirt":2,"minecraft:carrot":11,"minecraft:polished_granite_slab":49,"minecraft:polished_diorite":200,"minecraft:iron_hoe":10,"minecraft:wooden_axe":254,"ars_nouveau:archwood_door":2,"minecraft:furnace":4,"tombstone:gift":4,"minecraft:wheat_seeds":3,"minecraft:cooked_mutton":7,"farmersdelight:iron_knife":80,"elevatorid:elevator_yellow":3,"minecraft:diorite":18,"minecraft:stone_pickaxe":131,"minecraft:baked_potato":10,"minecraft:oak_planks":17,"minecraft:wooden_pickaxe":502,"minecraft:oak_slab":194,"minecraft:crafting_table":5,"minecraft:oak_log":2,"ars_nouveau:purple_archwood_log":1,"minecraft:polished_granite":1,"minecraft:stone_axe":163,"minecraft:cooked_porkchop":2,"minecraft:glass_pane":54,"minecraft:oak_boat":3,"minecraft:bone_meal":5}},"DataVersion":3465}