{"stats":{"minecraft:killed":{"minecraft:skeleton":1,"minecraft:chicken":1,"minecraft:sheep":4},"minecraft:killed_by":{"minecraft:player":7,"minecraft:silverfish":1},"minecraft:custom":{"enigmaticlegacy:play_time_with_seven_curses":0,"lootr:looted_stat":3,"minecraft:mob_kills":7,"minecraft:interact_with_anvil":1,"minecraft:animals_bred":1,"minecraft:interact_with_crafting_table":38,"minecraft:open_barrel":17,"goblintraders:trade_with_goblin":6,"minecraft:time_since_death":149248,"minecraft:sprint_one_cm":276756,"minecraft:walk_one_cm":377164,"minecraft:damage_blocked_by_shield":1275,"minecraft:drop":1867,"minecraft:play_time":265102,"minecraft:deaths":10,"minecraft:sneak_time":12343,"minecraft:walk_under_water_one_cm":2028,"minecraft:jump":1254,"minecraft:walk_on_water_one_cm":12730,"minecraft:total_world_time":265102,"minecraft:interact_with_furnace":19,"enigmaticlegacy:play_time_without_seven_curses":264094,"minecraft:sleep_in_bed":3,"minecraft:waystone_activated":1,"minecraft:time_since_rest":23503,"minecraft:damage_taken":3516,"minecraft:damage_dealt":2288,"minecraft:swim_one_cm":3424,"minecraft:fly_one_cm":337143,"minecraft:crouch_one_cm":10961,"tombstone:undead_killed":1,"minecraft:fall_one_cm":9990},"minecraft:mined":{"minecraft:polished_granite_slab":1,"farmersdelight:wild_carrots":17,"minecraft:granite":115,"minecraft:grass_block":10,"minecraft:polished_diorite":51,"elevatorid:elevator_yellow":4,"minecraft:oxeye_daisy":1,"gnumus:scion_weed":2,"minecraft:furnace":4,"minecraft:andesite":10,"minecraft:pumpkin":9,"minecraft:azure_bluet":2,"minecraft:stone":303,"minecraft:polished_granite_stairs":3,"ars_nouveau:purple_archwood_log":1,"minecraft:oak_slab":29,"minecraft:glass_pane":5,"minecraft:dandelion":31,"minecraft:polished_granite":1,"minecraft:oak_fence":7,"minecraft:crafting_table":5,"minecraft:copper_ore":2,"minecraft:tall_grass":46,"minecraft:oak_planks":1,"minecraft:diorite":183,"sophisticatedbackpacks:diamond_backpack":1,"minecraft:wheat":11,"minecraft:grass":351,"minecraft:coal_ore":2,"minecraft:oak_log":51,"minecraft:gravel":3,"minecraft:sand":99,"minecraft:dirt":96,"minecraft:deepslate":23,"minecraft:oak_leaves":6,"werewolves:silver_ore":1,"minecraft:infested_stone":2},"minecraft:picked_up":{"minecraft:crafting_table":4,"minecraft:wheat":11,"minecraft:azure_bluet":2,"vampirism:heart_striker_enhanced":4,"ars_nouveau:archwood_planks":3,"minecraft:raw_copper":5,"minecraft:glass_pane":1215,"minecraft:cobbled_deepslate":23,"minecraft:oak_boat":3,"minecraft:light_gray_wool":1,"minecraft:furnace":4,"minecraft:stick":6,"ars_nouveau:purple_archwood_log":4,"minecraft:oak_fence":7,"werewolves:raw_silver":1,"minecraft:cake":1,"minecraft:carrot":17,"tombstone:grave_dust":4,"minecraft:diorite":172,"minecraft:polished_granite_stairs":3,"minecraft:arrow":2,"minecraft:stone_shovel":1,"minecraft:shears":2,"elevatorid:elevator_yellow":4,"everlastingabilities:ability_bottle":1,"relics:aqua_walker":1,"minecraft:mutton":5,"minecraft:white_wool":3,"irons_spellbooks:copper_spell_book":3,"minecraft:cobblestone":289,"minecraft:oxeye_daisy":1,"ars_nouveau:archwood_door":1,"minecraft:andesite":857,"minecraft:potato":48,"minecraft:oak_log":51,"minecraft:dirt":98,"minecraft:polished_granite":1,"minecraft:cooked_mutton":4,"minecraft:bone":9,"minecraft:wheat_seeds":169,"minecraft:oak_planks":10,"sophisticatedbackpacks:diamond_backpack":1,"minecraft:oak_slab":29,"minecraft:cooked_porkchop":3,"minecraft:pumpkin":9,"minecraft:dandelion":31,"minecraft:gravel":6,"minecraft:sand":131,"minecraft:pumpkin_seeds":8,"minecraft:diamond":1,"minecraft:polished_diorite":51,"minecraft:polished_granite_slab":1,"minecraft:granite":104,"minecraft:gray_wool":13,"minecraft:oak_sapling":6,"minecraft:black_wool":10,"minecraft:coal":2},"minecraft:broken":{"minecraft:wooden_pickaxe":9,"minecraft:stone_pickaxe":1},"minecraft:dropped":{"minecraft:wheat_seeds":96,"minecraft:stick":3,"irons_spellbooks:scroll":1,"minecraft:dirt":12,"minecraft:mutton":1,"relics:aqua_walker":2,"ars_nouveau:archwood_door":1,"tombstone:grave_dust":4,"minecraft:sand":3,"minecraft:bone":3,"irons_spellbooks:copper_spell_book":4,"ars_nouveau:archwood_planks":3,"minecraft:yellow_wool":1,"minecraft:stone_shovel":1,"minecraft:oak_planks":2,"vampirism:heart_striker_enhanced":5,"minecraft:shears":2,"minecraft:glass_pane":1241,"minecraft:pumpkin_seeds":8,"minecraft:potato":48,"minecraft:andesite":1039,"minecraft:oak_sapling":3},"minecraft:crafted":{"minecraft:oak_planks":192,"minecraft:yellow_wool":25,"minecraft:stone_shovel":1,"minecraft:polished_granite_slab":48,"ars_nouveau:archwood_planks":12,"minecraft:furnace":2,"minecraft:bone_meal":6,"minecraft:cooked_mutton":3,"minecraft:glass_pane":80,"minecraft:glass":32,"minecraft:polished_diorite":184,"minecraft:polished_granite_stairs":44,"minecraft:iron_hoe":1,"ars_nouveau:archwood_door":3,"minecraft:stone_pickaxe":2,"minecraft:oak_fence":39,"minecraft:oak_slab":186,"minecraft:wooden_shovel":1,"minecraft:emerald":6,"minecraft:crafting_table":3,"minecraft:wooden_pickaxe":10,"minecraft:baked_potato":0,"minecraft:polished_granite":92,"minecraft:stone_axe":1,"minecraft:air":0,"minecraft:oak_boat":1,"minecraft:charcoal":7,"minecraft:yellow_dye":26,"minecraft:stick":72,"minecraft:torch":12,"elevatorid:elevator_yellow":3,"minecraft:shears":1},"minecraft:used":{"minecraft:oak_fence":46,"minecraft:polished_granite_stairs":47,"minecraft:stone_shovel":84,"minecraft:shield":44,"minecraft:torch":5,"minecraft:dirt":2,"minecraft:carrot":11,"minecraft:polished_granite_slab":49,"minecraft:polished_diorite":200,"minecraft:iron_hoe":10,"minecraft:wooden_axe":254,"ars_nouveau:archwood_door":2,"minecraft:furnace":4,"tombstone:gift":4,"minecraft:wheat_seeds":3,"minecraft:cooked_mutton":7,"farmersdelight:iron_knife":80,"elevatorid:elevator_yellow":6,"minecraft:diorite":18,"minecraft:bundle":1,"minecraft:stone_pickaxe":230,"minecraft:baked_potato":10,"minecraft:oak_planks":17,"minecraft:wooden_pickaxe":559,"minecraft:oak_slab":195,"minecraft:crafting_table":6,"minecraft:oak_log":2,"ars_nouveau:purple_archwood_log":1,"minecraft:polished_granite":1,"minecraft:stone_axe":165,"minecraft:cooked_porkchop":2,"minecraft:andesite":3,"minecraft:glass_pane":54,"minecraft:oak_boat":3,"minecraft:bone_meal":5}},"DataVersion":3465}