{"stats":{"minecraft:killed_by":{"minecraft:player":7,"minecraft:silverfish":1},"minecraft:custom":{"minecraft:time_since_rest":4858,"enigmaticlegacy:play_time_with_seven_curses":0,"minecraft:waystone_activated":1,"minecraft:sprint_one_cm":82894,"minecraft:damage_taken":3117,"minecraft:walk_one_cm":133405,"minecraft:damage_blocked_by_shield":875,"minecraft:interact_with_anvil":1,"minecraft:drop":7,"minecraft:damage_dealt":1638,"enigmaticlegacy:play_time_without_seven_curses":120094,"minecraft:interact_with_crafting_table":4,"minecraft:fly_one_cm":71192,"minecraft:open_barrel":11,"goblintraders:trade_with_goblin":6,"minecraft:crouch_one_cm":1638,"minecraft:play_time":121102,"minecraft:deaths":10,"minecraft:sneak_time":4661,"minecraft:walk_under_water_one_cm":1189,"minecraft:jump":317,"minecraft:walk_on_water_one_cm":7726,"minecraft:time_since_death":5248,"minecraft:sleep_in_bed":2,"minecraft:total_world_time":121102,"minecraft:fall_one_cm":9990},"minecraft:mined":{"gnumus:scion_weed":2,"sophisticatedbackpacks:diamond_backpack":1,"minecraft:dandelion":5,"minecraft:pumpkin":9,"minecraft:azure_bluet":2,"minecraft:crafting_table":3,"minecraft:granite":105,"minecraft:grass":304,"minecraft:oak_log":2,"minecraft:dirt":72,"minecraft:tall_grass":42,"minecraft:stone":227,"minecraft:oxeye_daisy":1,"minecraft:diorite":110,"minecraft:infested_stone":2},"minecraft:picked_up":{"minecraft:azure_bluet":2,"minecraft:crafting_table":3,"minecraft:cooked_porkchop":3,"minecraft:pumpkin":9,"minecraft:dandelion":5,"vampirism:heart_striker_enhanced":4,"minecraft:oak_log":2,"tombstone:grave_dust":4,"minecraft:diorite":99,"minecraft:dirt":64,"minecraft:cooked_mutton":4,"minecraft:diamond":1,"minecraft:wheat_seeds":36,"minecraft:granite":94,"minecraft:oak_boat":2,"everlastingabilities:ability_bottle":1,"minecraft:cobblestone":213,"sophisticatedbackpacks:diamond_backpack":1,"minecraft:oxeye_daisy":1},"minecraft:broken":{"minecraft:wooden_pickaxe":8},"minecraft:dropped":{"tombstone:grave_dust":4,"vampirism:heart_striker_enhanced":5},"minecraft:crafted":{"minecraft:oak_boat":1,"minecraft:oak_planks":16,"minecraft:wooden_shovel":1,"minecraft:emerald":6,"minecraft:crafting_table":2,"minecraft:stick":56,"minecraft:wooden_pickaxe":9,"minecraft:stone_pickaxe":1,"minecraft:air":0},"minecraft:used":{"minecraft:oak_log":2,"minecraft:cooked_mutton":4,"minecraft:wooden_axe":254,"farmersdelight:iron_knife":36,"minecraft:diorite":18,"minecraft:wooden_pickaxe":490,"minecraft:shield":34,"minecraft:dirt":1,"minecraft:crafting_table":4,"tombstone:gift":4,"minecraft:oak_boat":3}},"DataVersion":3465}