{"stats":{"minecraft:killed_by":{"minecraft:player":6,"minecraft:silverfish":1},"minecraft:custom":{"minecraft:time_since_rest":839,"enigmaticlegacy:play_time_with_seven_curses":0,"minecraft:waystone_activated":1,"minecraft:sprint_one_cm":63361,"minecraft:damage_taken":2556,"minecraft:walk_one_cm":98095,"minecraft:damage_blocked_by_shield":875,"minecraft:drop":7,"minecraft:damage_dealt":1426,"enigmaticlegacy:play_time_without_seven_curses":108188,"minecraft:interact_with_crafting_table":3,"minecraft:fly_one_cm":56916,"minecraft:open_barrel":11,"goblintraders:trade_with_goblin":6,"minecraft:crouch_one_cm":1430,"minecraft:play_time":109102,"minecraft:deaths":8,"minecraft:sneak_time":4055,"minecraft:walk_under_water_one_cm":979,"minecraft:jump":251,"minecraft:walk_on_water_one_cm":7582,"minecraft:time_since_death":1128,"minecraft:sleep_in_bed":2,"minecraft:total_world_time":109102,"minecraft:fall_one_cm":5388},"minecraft:mined":{"sophisticatedbackpacks:diamond_backpack":1,"minecraft:crafting_table":2,"minecraft:granite":105,"minecraft:grass":2,"minecraft:oak_log":2,"minecraft:dirt":72,"minecraft:stone":227,"minecraft:diorite":110,"minecraft:infested_stone":2},"minecraft:picked_up":{"minecraft:crafting_table":2,"minecraft:cooked_porkchop":3,"vampirism:heart_striker_enhanced":4,"minecraft:oak_log":2,"tombstone:grave_dust":4,"minecraft:diorite":99,"minecraft:dirt":64,"minecraft:cooked_mutton":4,"minecraft:diamond":1,"minecraft:wheat_seeds":1,"minecraft:granite":94,"everlastingabilities:ability_bottle":1,"minecraft:cobblestone":213,"sophisticatedbackpacks:diamond_backpack":1},"minecraft:broken":{"minecraft:wooden_pickaxe":8},"minecraft:dropped":{"tombstone:grave_dust":4,"vampirism:heart_striker_enhanced":5},"minecraft:crafted":{"minecraft:oak_planks":8,"minecraft:emerald":6,"minecraft:crafting_table":2,"minecraft:stick":56,"minecraft:wooden_pickaxe":9,"minecraft:stone_pickaxe":1,"minecraft:air":0},"minecraft:used":{"minecraft:oak_log":2,"minecraft:cooked_mutton":4,"minecraft:wooden_axe":4,"farmersdelight:iron_knife":33,"minecraft:diorite":18,"minecraft:wooden_pickaxe":486,"minecraft:shield":34,"minecraft:dirt":1,"minecraft:crafting_table":3,"tombstone:gift":4}},"DataVersion":3465}