{"stats":{"minecraft:custom":{"minecraft:jump":38,"minecraft:time_since_rest":15433,"enigmaticlegacy:play_time_with_seven_curses":0,"minecraft:waystone_activated":1,"minecraft:sprint_one_cm":23596,"minecraft:play_time":43102,"minecraft:walk_on_water_one_cm":3672,"minecraft:time_since_death":43102,"minecraft:walk_one_cm":23031,"minecraft:sleep_in_bed":2,"enigmaticlegacy:play_time_without_seven_curses":43102,"minecraft:total_world_time":43102,"minecraft:walk_under_water_one_cm":558,"minecraft:fall_one_cm":269,"minecraft:fly_one_cm":6242},"minecraft:picked_up":{"everlastingabilities:ability_bottle":1}},"DataVersion":3465}