{"stats":{"minecraft:killed_by":{"minecraft:silverfish":1},"minecraft:custom":{"minecraft:time_since_rest":21852,"enigmaticlegacy:play_time_with_seven_curses":0,"minecraft:waystone_activated":1,"minecraft:sprint_one_cm":44696,"minecraft:damage_taken":596,"minecraft:walk_one_cm":68346,"minecraft:damage_blocked_by_shield":725,"minecraft:damage_dealt":283,"enigmaticlegacy:play_time_without_seven_curses":84928,"minecraft:interact_with_crafting_table":1,"minecraft:fly_one_cm":31655,"minecraft:open_barrel":8,"goblintraders:trade_with_goblin":6,"minecraft:crouch_one_cm":591,"minecraft:play_time":85102,"minecraft:deaths":1,"minecraft:sneak_time":2161,"minecraft:walk_under_water_one_cm":558,"minecraft:jump":128,"minecraft:walk_on_water_one_cm":3672,"minecraft:time_since_death":22717,"minecraft:sleep_in_bed":2,"minecraft:total_world_time":85102,"minecraft:fall_one_cm":269},"minecraft:mined":{"sophisticatedbackpacks:diamond_backpack":1,"minecraft:granite":105,"minecraft:dirt":72,"minecraft:stone":227,"minecraft:diorite":110,"minecraft:infested_stone":2},"minecraft:picked_up":{"minecraft:diorite":99,"minecraft:dirt":64,"minecraft:cooked_mutton":4,"minecraft:diamond":1,"minecraft:granite":94,"everlastingabilities:ability_bottle":1,"minecraft:cobblestone":213,"sophisticatedbackpacks:diamond_backpack":1},"minecraft:broken":{"minecraft:wooden_pickaxe":8},"minecraft:crafted":{"minecraft:emerald":6,"minecraft:stick":56,"minecraft:wooden_pickaxe":9,"minecraft:air":0},"minecraft:used":{"minecraft:cooked_mutton":4,"farmersdelight:iron_knife":4,"minecraft:wooden_pickaxe":486,"minecraft:shield":31,"minecraft:dirt":1,"tombstone:gift":2}},"DataVersion":3465}