{"stats":{"minecraft:custom":{"minecraft:open_barrel":4,"minecraft:time_since_rest":33433,"enigmaticlegacy:play_time_with_seven_curses":0,"minecraft:waystone_activated":1,"minecraft:crouch_one_cm":27,"minecraft:play_time":61102,"minecraft:sprint_one_cm":28799,"minecraft:damage_taken":78,"minecraft:walk_one_cm":51742,"minecraft:sneak_time":370,"minecraft:walk_under_water_one_cm":558,"minecraft:jump":69,"minecraft:damage_dealt":20,"minecraft:time_since_death":61102,"minecraft:walk_on_water_one_cm":3672,"minecraft:sleep_in_bed":2,"enigmaticlegacy:play_time_without_seven_curses":61102,"minecraft:total_world_time":61102,"minecraft:interact_with_crafting_table":1,"minecraft:fall_one_cm":269,"minecraft:fly_one_cm":13849},"minecraft:mined":{"minecraft:granite":105,"minecraft:dirt":71,"minecraft:stone":85,"minecraft:diorite":2},"minecraft:picked_up":{"minecraft:cooked_mutton":4,"minecraft:diamond":1,"minecraft:granite":94,"everlastingabilities:ability_bottle":1,"minecraft:diorite":2,"minecraft:dirt":63,"minecraft:cobblestone":81},"minecraft:broken":{"minecraft:wooden_pickaxe":3},"minecraft:crafted":{"minecraft:stick":56,"minecraft:wooden_pickaxe":9},"minecraft:used":{"minecraft:cooked_mutton":2,"tombstone:gift":2,"minecraft:wooden_pickaxe":230}},"DataVersion":3465}