{"stats":{"minecraft:killed":{"minecraft:sheep":2,"minecraft:chicken":1},"minecraft:killed_by":{"minecraft:player":7,"minecraft:silverfish":1},"minecraft:custom":{"enigmaticlegacy:play_time_with_seven_curses":0,"minecraft:interact_with_furnace":4,"minecraft:interact_with_anvil":1,"minecraft:mob_kills":3,"enigmaticlegacy:play_time_without_seven_curses":180094,"minecraft:interact_with_crafting_table":24,"minecraft:open_barrel":17,"goblintraders:trade_with_goblin":6,"minecraft:time_since_death":65248,"minecraft:sleep_in_bed":2,"minecraft:time_since_rest":64858,"minecraft:waystone_activated":1,"minecraft:sprint_one_cm":142477,"minecraft:damage_taken":3374,"minecraft:walk_one_cm":253205,"minecraft:damage_blocked_by_shield":1105,"minecraft:drop":642,"minecraft:damage_dealt":1933,"minecraft:swim_one_cm":3424,"minecraft:fly_one_cm":179945,"minecraft:crouch_one_cm":9934,"minecraft:play_time":181102,"minecraft:deaths":10,"minecraft:sneak_time":10484,"minecraft:walk_under_water_one_cm":2028,"minecraft:jump":685,"minecraft:walk_on_water_one_cm":12730,"minecraft:total_world_time":181102,"minecraft:fall_one_cm":9990},"minecraft:mined":{"minecraft:polished_granite_slab":1,"minecraft:oak_slab":20,"farmersdelight:wild_carrots":5,"minecraft:dandelion":5,"minecraft:oak_fence":7,"minecraft:crafting_table":3,"minecraft:granite":105,"minecraft:tall_grass":46,"minecraft:polished_diorite":19,"minecraft:diorite":183,"minecraft:oxeye_daisy":1,"gnumus:scion_weed":2,"sophisticatedbackpacks:diamond_backpack":1,"minecraft:pumpkin":9,"minecraft:azure_bluet":2,"minecraft:grass":327,"minecraft:oak_log":29,"minecraft:sand":98,"minecraft:dirt":72,"minecraft:stone":228,"minecraft:polished_granite_stairs":3,"werewolves:silver_ore":1,"ars_nouveau:purple_archwood_log":1,"minecraft:oak_leaves":2,"minecraft:infested_stone":2},"minecraft:picked_up":{"minecraft:crafting_table":3,"minecraft:azure_bluet":2,"minecraft:andesite":847,"vampirism:heart_striker_enhanced":4,"minecraft:oak_log":29,"minecraft:dirt":64,"minecraft:cooked_mutton":4,"minecraft:bone":2,"minecraft:wheat_seeds":136,"minecraft:oak_boat":3,"minecraft:light_gray_wool":1,"sophisticatedbackpacks:diamond_backpack":1,"minecraft:oak_slab":20,"minecraft:stick":2,"ars_nouveau:purple_archwood_log":4,"minecraft:pumpkin":9,"minecraft:cooked_porkchop":3,"minecraft:oak_fence":7,"minecraft:dandelion":5,"minecraft:sand":98,"werewolves:raw_silver":1,"tombstone:grave_dust":4,"minecraft:diorite":172,"minecraft:carrot":5,"minecraft:polished_granite_stairs":3,"minecraft:arrow":1,"minecraft:stone_shovel":1,"minecraft:diamond":1,"minecraft:polished_diorite":19,"minecraft:polished_granite_slab":1,"minecraft:granite":94,"relics:aqua_walker":1,"everlastingabilities:ability_bottle":1,"minecraft:mutton":3,"minecraft:white_wool":1,"minecraft:cobblestone":214,"minecraft:oxeye_daisy":1},"minecraft:broken":{"minecraft:wooden_pickaxe":8},"minecraft:dropped":{"minecraft:wheat_seeds":96,"minecraft:stone_shovel":1,"vampirism:heart_striker_enhanced":5,"irons_spellbooks:scroll":1,"minecraft:andesite":1039,"relics:aqua_walker":2,"tombstone:grave_dust":4},"minecraft:crafted":{"minecraft:oak_slab":102,"minecraft:oak_planks":132,"minecraft:wooden_shovel":1,"minecraft:stone_shovel":1,"minecraft:emerald":6,"minecraft:polished_granite_slab":48,"ars_nouveau:archwood_planks":12,"minecraft:crafting_table":3,"minecraft:wooden_pickaxe":9,"minecraft:furnace":2,"minecraft:polished_granite":92,"minecraft:stone_axe":1,"minecraft:cooked_mutton":3,"minecraft:air":0,"minecraft:oak_boat":1,"minecraft:polished_diorite":184,"ars_nouveau:archwood_door":3,"minecraft:polished_granite_stairs":44,"minecraft:stick":56,"minecraft:stone_pickaxe":1,"minecraft:oak_fence":39},"minecraft:used":{"minecraft:oak_fence":31,"minecraft:cooked_mutton":7,"farmersdelight:iron_knife":55,"minecraft:diorite":18,"minecraft:polished_granite_stairs":47,"minecraft:stone_shovel":84,"minecraft:stone_pickaxe":98,"minecraft:oak_planks":12,"minecraft:shield":40,"minecraft:wooden_pickaxe":490,"minecraft:dirt":1,"minecraft:oak_slab":101,"minecraft:crafting_table":5,"minecraft:carrot":11,"minecraft:polished_granite_slab":49,"minecraft:polished_diorite":197,"minecraft:oak_log":2,"minecraft:wooden_axe":254,"ars_nouveau:purple_archwood_log":1,"minecraft:stone_axe":79,"ars_nouveau:archwood_door":2,"minecraft:furnace":2,"minecraft:cooked_porkchop":2,"tombstone:gift":4,"minecraft:oak_boat":3}},"DataVersion":3465}