{"stats":{"minecraft:killed":{"minecraft:sheep":2,"minecraft:chicken":1},"minecraft:killed_by":{"minecraft:player":7,"minecraft:silverfish":1},"minecraft:custom":{"enigmaticlegacy:play_time_with_seven_curses":0,"minecraft:interact_with_furnace":2,"minecraft:interact_with_anvil":1,"minecraft:mob_kills":3,"enigmaticlegacy:play_time_without_seven_curses":144094,"minecraft:interact_with_crafting_table":13,"minecraft:open_barrel":11,"goblintraders:trade_with_goblin":6,"minecraft:time_since_death":29248,"minecraft:sleep_in_bed":2,"minecraft:time_since_rest":28858,"minecraft:waystone_activated":1,"minecraft:sprint_one_cm":107165,"minecraft:damage_taken":3327,"minecraft:walk_one_cm":187322,"minecraft:damage_blocked_by_shield":875,"minecraft:drop":7,"minecraft:damage_dealt":1933,"minecraft:swim_one_cm":3424,"minecraft:fly_one_cm":97113,"minecraft:crouch_one_cm":6170,"minecraft:play_time":145102,"minecraft:deaths":10,"minecraft:sneak_time":7176,"minecraft:walk_under_water_one_cm":2028,"minecraft:jump":458,"minecraft:walk_on_water_one_cm":8819,"minecraft:total_world_time":145102,"minecraft:fall_one_cm":9990},"minecraft:mined":{"minecraft:oak_slab":19,"farmersdelight:wild_carrots":5,"minecraft:dandelion":5,"minecraft:oak_fence":7,"minecraft:crafting_table":3,"minecraft:granite":105,"minecraft:tall_grass":45,"minecraft:polished_diorite":2,"minecraft:diorite":110,"minecraft:oxeye_daisy":1,"gnumus:scion_weed":2,"sophisticatedbackpacks:diamond_backpack":1,"minecraft:pumpkin":9,"minecraft:azure_bluet":2,"minecraft:grass":326,"minecraft:oak_log":25,"minecraft:sand":14,"minecraft:dirt":72,"minecraft:stone":227,"minecraft:polished_granite_stairs":1,"ars_nouveau:purple_archwood_log":1,"minecraft:oak_leaves":1,"minecraft:infested_stone":2},"minecraft:picked_up":{"minecraft:crafting_table":3,"minecraft:azure_bluet":2,"vampirism:heart_striker_enhanced":4,"minecraft:oak_log":25,"minecraft:dirt":64,"minecraft:cooked_mutton":4,"minecraft:wheat_seeds":39,"minecraft:oak_boat":2,"minecraft:light_gray_wool":1,"sophisticatedbackpacks:diamond_backpack":1,"minecraft:oak_slab":19,"minecraft:stick":2,"ars_nouveau:purple_archwood_log":3,"minecraft:pumpkin":9,"minecraft:cooked_porkchop":3,"minecraft:oak_fence":7,"minecraft:dandelion":5,"minecraft:sand":14,"tombstone:grave_dust":4,"minecraft:diorite":99,"minecraft:carrot":5,"minecraft:polished_granite_stairs":1,"minecraft:diamond":1,"minecraft:polished_diorite":2,"minecraft:granite":94,"everlastingabilities:ability_bottle":1,"minecraft:mutton":3,"minecraft:white_wool":1,"minecraft:cobblestone":213,"minecraft:oxeye_daisy":1},"minecraft:broken":{"minecraft:wooden_pickaxe":8},"minecraft:dropped":{"vampirism:heart_striker_enhanced":5,"tombstone:grave_dust":4},"minecraft:crafted":{"minecraft:oak_slab":102,"minecraft:oak_planks":116,"minecraft:wooden_shovel":1,"minecraft:emerald":6,"minecraft:crafting_table":2,"minecraft:wooden_pickaxe":9,"minecraft:polished_granite":92,"minecraft:stone_axe":1,"minecraft:cooked_mutton":3,"minecraft:air":0,"minecraft:oak_boat":1,"minecraft:polished_diorite":80,"minecraft:polished_granite_stairs":16,"minecraft:stick":56,"minecraft:stone_pickaxe":1,"minecraft:oak_fence":39},"minecraft:used":{"minecraft:oak_fence":31,"minecraft:cooked_mutton":4,"farmersdelight:iron_knife":55,"minecraft:diorite":18,"minecraft:polished_granite_stairs":13,"minecraft:stone_pickaxe":3,"minecraft:shield":34,"minecraft:wooden_pickaxe":490,"minecraft:dirt":1,"minecraft:oak_slab":99,"minecraft:crafting_table":4,"minecraft:carrot":11,"minecraft:polished_diorite":62,"minecraft:oak_log":2,"minecraft:wooden_axe":254,"ars_nouveau:purple_archwood_log":1,"minecraft:stone_axe":73,"minecraft:cooked_porkchop":1,"tombstone:gift":4,"minecraft:oak_boat":3}},"DataVersion":3465}