{"stats":{"minecraft:killed_by":{"minecraft:player":3,"minecraft:silverfish":1},"minecraft:custom":{"minecraft:time_since_rest":732,"enigmaticlegacy:play_time_with_seven_curses":0,"minecraft:waystone_activated":1,"minecraft:sprint_one_cm":55105,"minecraft:damage_taken":1764,"minecraft:walk_one_cm":81411,"minecraft:damage_blocked_by_shield":875,"minecraft:damage_dealt":1163,"enigmaticlegacy:play_time_without_seven_curses":96349,"minecraft:interact_with_crafting_table":3,"minecraft:fly_one_cm":47698,"minecraft:open_barrel":8,"goblintraders:trade_with_goblin":6,"minecraft:crouch_one_cm":1048,"minecraft:play_time":97102,"minecraft:deaths":5,"minecraft:sneak_time":3748,"minecraft:walk_under_water_one_cm":558,"minecraft:jump":202,"minecraft:walk_on_water_one_cm":3672,"minecraft:time_since_death":1259,"minecraft:sleep_in_bed":2,"minecraft:total_world_time":97102,"minecraft:fall_one_cm":4708},"minecraft:mined":{"sophisticatedbackpacks:diamond_backpack":1,"minecraft:crafting_table":2,"minecraft:granite":105,"minecraft:oak_log":2,"minecraft:dirt":72,"minecraft:stone":227,"minecraft:diorite":110,"minecraft:infested_stone":2},"minecraft:picked_up":{"minecraft:crafting_table":2,"minecraft:oak_log":2,"minecraft:diorite":99,"minecraft:dirt":64,"minecraft:cooked_mutton":4,"minecraft:diamond":1,"minecraft:granite":94,"everlastingabilities:ability_bottle":1,"minecraft:cobblestone":213,"sophisticatedbackpacks:diamond_backpack":1},"minecraft:broken":{"minecraft:wooden_pickaxe":8},"minecraft:crafted":{"minecraft:oak_planks":4,"minecraft:emerald":6,"minecraft:crafting_table":1,"minecraft:stick":56,"minecraft:wooden_pickaxe":9,"minecraft:stone_pickaxe":1,"minecraft:air":0},"minecraft:used":{"minecraft:oak_log":2,"minecraft:cooked_mutton":4,"minecraft:wooden_axe":4,"farmersdelight:iron_knife":24,"minecraft:diorite":8,"minecraft:wooden_pickaxe":486,"minecraft:shield":34,"minecraft:dirt":1,"minecraft:crafting_table":3,"tombstone:gift":2}},"DataVersion":3465}