{"stats":{"minecraft:dropped":{"minecraft:iron_ingot":6,"minecraft:iron_sword":1,"minecraft:birch_planks":80,"minecraft:ender_pearl":1,"vampirism:vampire_book":162,"vampirism:hunter_axe_enhanced":2,"minecraft:oak_fence":1,"minecraft:lead":1,"minecraft:leather":1,"vampirism:basic_crossbow":1,"minecraft:apple":12,"everlastingabilities:ability_bottle":2,"minecraft:birch_slab":10,"minecraft:diamond_horse_armor":1,"minecraft:wooden_sword":1,"vampirism:potion_table":1,"paraglider:paraglider":193,"minecraft:birch_log":1,"tombstone:familiar_receptacle":2,"minecraft:blue_bed":2,"minecraft:bone":3,"minecraft:polished_diorite":2,"minecraft:stone_axe":1,"minecraft:smooth_stone_slab":1,"minecraft:rotten_flesh":3,"evilcraft:flesh_humanoid":1,"minecraft:carrot":2,"vampirism:hunter_axe_normal":2,"vampirism:oil_bottle":4,"vampirism:basic_double_crossbow":1,"minecraft:spider_eye":1,"minecraft:birch_sign":1,"minecraft:arrow":2,"waystones:waystone":1,"enigmaticlegacy:enigmatic_amulet":1},"minecraft:mined":{"torchmaster:megatorch":3,"minecraft:grass_block":5,"minecraft:birch_slab":1,"minecraft:hay_block":11,"minecraft:oak_trapdoor":1,"vampirism:potion_table":1,"minecraft:furnace":1,"minecraft:andesite":5,"vampirism:tent":1,"minecraft:vine":7,"gnumus:fragile_gnumus_jug":2,"minecraft:stone":51,"minecraft:oak_fence":1,"minecraft:crafting_table":1,"minecraft:tall_grass":1,"minecraft:cobblestone":5,"minecraft:oak_planks":1,"minecraft:sugar_cane":10,"minecraft:blue_bed":4,"minecraft:birch_planks":2,"tetra:basic_workbench":1,"ars_nouveau:archwood_planks":13,"minecraft:birch_log":29,"minecraft:birch_leaves":6,"minecraft:smooth_stone_slab":1,"minecraft:oak_log":29,"minecraft:coal_ore":9,"vampirism:fire_place":1,"minecraft:dirt":6,"minecraft:stone_bricks":12,"minecraft:mossy_stone_bricks":2,"minecraft:oak_leaves":9},"minecraft:broken":{"minecraft:wooden_pickaxe":1,"minecraft:wooden_axe":1},"minecraft:picked_up":{"minecraft:wooden_axe":1,"minecraft:charcoal":5,"minecraft:crafting_table":1,"gnumus:gnumus_claw":1,"minecraft:wooden_pickaxe":1,"minecraft:diamond_horse_armor":1,"ars_nouveau:archwood_planks":63,"minecraft:oak_trapdoor":1,"minecraft:wooden_sword":1,"minecraft:smooth_stone_slab":1,"minecraft:iron_nugget":1,"minecraft:sugar_cane":12,"minecraft:birch_sapling":5,"minecraft:furnace":2,"minecraft:stick":4,"minecraft:oak_fence":1,"minecraft:spruce_stairs":3,"sophisticatedbackpacks:backpack":1,"tombstone:grave_dust":1,"minecraft:arrow":2,"minecraft:rotten_flesh":2,"minecraft:hay_block":11,"everlastingabilities:ability_bottle":2,"minecraft:cobblestone":56,"paraglider:paraglider":193,"minecraft:birch_log":62,"gnumus:gnumus_doubloons":2,"vampirism:vampire_book":162,"minecraft:birch_slab":2,"minecraft:andesite":24,"gnumus:gnumus_pouch":1,"minecraft:birch_planks":23,"minecraft:oak_log":29,"minecraft:blue_bed":6,"minecraft:dirt":10,"tombstone:familiar_receptacle":1,"minecraft:bone":2,"minecraft:apple":11,"minecraft:stone_bricks":14,"minecraft:iron_ingot":4,"vampirism:hunter_axe_enhanced":3,"minecraft:mossy_stone_bricks":2,"minecraft:iron_sword":1,"minecraft:oak_planks":115,"vampirism:potion_table":2,"minecraft:book":4,"vampirism:basic_double_crossbow":1,"torchmaster:megatorch":4,"minecraft:sand":7,"enigmaticlegacy:enigmatic_amulet":1,"vampirism:crucifix_normal":1,"minecraft:polished_diorite":3,"vampirism:oil_bottle":5,"vampirism:basic_crossbow":1,"minecraft:stone_axe":1,"gnumus:gnumus_clay":5,"waystones:waystone":1,"minecraft:birch_sign":1,"minecraft:bread":26,"minecraft:oak_sapling":4,"vampirism:hunter_axe_normal":1,"minecraft:coal":9,"minecraft:ender_pearl":1},"minecraft:used":{"minecraft:chest":2,"minecraft:dirt":7,"minecraft:spyglass":19,"minecraft:wooden_axe":114,"minecraft:stone_bricks":43,"minecraft:furnace":2,"tombstone:gift":3,"torchmaster:megatorch":4,"minecraft:mossy_stone_bricks":2,"minecraft:birch_planks":112,"minecraft:oak_planks":1,"minecraft:wooden_pickaxe":97,"minecraft:blue_bed":3,"minecraft:crafting_table":2,"ars_nouveau:archwood_planks":55,"minecraft:apple":2,"minecraft:birch_slab":70,"minecraft:bread":12},"minecraft:custom":{"enigmaticlegacy:play_time_with_seven_curses":0,"lootr:looted_stat":38,"minecraft:mob_kills":2,"minecraft:interact_with_crafting_table":24,"minecraft:open_barrel":2,"minecraft:leave_game":7,"minecraft:time_since_death":115738,"minecraft:climb_one_cm":21579,"minecraft:sprint_one_cm":175841,"minecraft:walk_one_cm":244087,"minecraft:drop":439,"vampirism:skills_unlocked":4,"minecraft:play_time":367303,"minecraft:deaths":5,"minecraft:sneak_time":5577,"minecraft:walk_under_water_one_cm":5593,"minecraft:jump":1242,"minecraft:walk_on_water_one_cm":25139,"minecraft:total_world_time":367303,"minecraft:interact_with_furnace":11,"enigmaticlegacy:play_time_without_seven_curses":364916,"vampirism:interact_with_research_table":1,"vampirism:interact_with_garlic_diffuser":1,"minecraft:sleep_in_bed":4,"minecraft:time_since_rest":115035,"minecraft:waystone_activated":3,"minecraft:damage_taken":199598,"minecraft:damage_dealt":1193,"minecraft:swim_one_cm":2521,"minecraft:fly_one_cm":197589,"minecraft:open_chest":7,"minecraft:crouch_one_cm":8550,"tombstone:undead_killed":2,"minecraft:fall_one_cm":23814,"minecraft:horse_one_cm":149},"minecraft:killed_by":{"minecraft:spider":1,"minecraft:vindicator":1,"minecraft:zombie":2},"minecraft:crafted":{"minecraft:oak_planks":116,"minecraft:birch_slab":78,"minecraft:stone":47,"minecraft:chest":2,"minecraft:stone_bricks":44,"minecraft:wheat":99,"sophisticatedbackpacks:iron_backpack":1,"minecraft:crafting_table":1,"minecraft:wooden_pickaxe":1,"sophisticatedbackpacks:gold_backpack":1,"minecraft:birch_planks":244,"minecraft:stone_axe":1,"minecraft:bread":34,"minecraft:air":0,"minecraft:stone_brick_stairs":8,"minecraft:stick":12,"minecraft:wooden_axe":2},"minecraft:killed":{"minecraft:drowned":1,"minecraft:zombie":1}},"DataVersion":3465}