{"stats":{"minecraft:killed":{"minecraft:skeleton":1,"minecraft:chicken":1,"minecraft:silverfish":3,"minecraft:sheep":4},"minecraft:killed_by":{"minecraft:player":7,"minecraft:silverfish":2},"minecraft:custom":{"enigmaticlegacy:play_time_with_seven_curses":0,"lootr:looted_stat":3,"minecraft:mob_kills":10,"minecraft:interact_with_anvil":1,"minecraft:animals_bred":1,"minecraft:interact_with_crafting_table":44,"minecraft:open_barrel":17,"goblintraders:trade_with_goblin":6,"minecraft:time_since_death":36967,"minecraft:sprint_one_cm":312057,"minecraft:walk_one_cm":449693,"minecraft:damage_blocked_by_shield":1275,"minecraft:drop":1886,"minecraft:play_time":307102,"minecraft:deaths":11,"minecraft:sneak_time":12755,"minecraft:walk_under_water_one_cm":2028,"minecraft:jump":1407,"minecraft:walk_on_water_one_cm":12730,"minecraft:total_world_time":307102,"minecraft:interact_with_furnace":19,"enigmaticlegacy:play_time_without_seven_curses":306001,"minecraft:sleep_in_bed":3,"minecraft:waystone_activated":1,"minecraft:time_since_rest":36218,"minecraft:damage_taken":3902,"minecraft:damage_dealt":2315,"minecraft:swim_one_cm":3424,"minecraft:fly_one_cm":365915,"minecraft:crouch_one_cm":13081,"tombstone:undead_killed":1,"minecraft:fall_one_cm":9990},"minecraft:mined":{"minecraft:infested_deepslate":1,"create:zinc_ore":1,"minecraft:polished_granite_slab":1,"farmersdelight:wild_carrots":17,"minecraft:granite":164,"minecraft:grass_block":10,"minecraft:polished_diorite":51,"elevatorid:elevator_yellow":4,"minecraft:oxeye_daisy":1,"gnumus:scion_weed":2,"minecraft:furnace":4,"minecraft:iron_ore":3,"minecraft:andesite":12,"minecraft:pumpkin":9,"minecraft:azure_bluet":2,"minecraft:deepslate_iron_ore":22,"runecraft_metals_of_gielinor:anthracite_ore":4,"minecraft:stone":390,"minecraft:polished_granite_stairs":3,"ars_nouveau:purple_archwood_log":1,"minecraft:oak_slab":29,"minecraft:glass_pane":5,"minecraft:amethyst_cluster":1,"minecraft:dandelion":31,"minecraft:polished_granite":1,"minecraft:oak_fence":7,"minecraft:crafting_table":5,"minecraft:torch":15,"minecraft:calcite":3,"minecraft:copper_ore":2,"minecraft:tall_grass":46,"minecraft:deepslate_gold_ore":7,"minecraft:oak_planks":1,"minecraft:diorite":183,"minecraft:wall_torch":3,"minecraft:amethyst_block":4,"sophisticatedbackpacks:diamond_backpack":1,"minecraft:wheat":11,"minecraft:grass":351,"minecraft:coal_ore":2,"minecraft:oak_log":51,"werewolves:deepslate_silver_ore":14,"minecraft:gravel":19,"minecraft:sand":99,"minecraft:dirt":150,"minecraft:smooth_basalt":3,"minecraft:gold_ore":3,"minecraft:deepslate":366,"minecraft:oak_leaves":6,"werewolves:silver_ore":1,"minecraft:infested_stone":2},"minecraft:picked_up":{"minecraft:crafting_table":4,"minecraft:wheat":11,"minecraft:azure_bluet":2,"vampirism:heart_striker_enhanced":4,"minecraft:amethyst_block":4,"ars_nouveau:archwood_planks":3,"minecraft:raw_copper":5,"minecraft:glass_pane":1215,"minecraft:cobbled_deepslate":365,"minecraft:oak_boat":3,"minecraft:calcite":3,"minecraft:iron_nugget":4,"minecraft:light_gray_wool":1,"minecraft:furnace":4,"minecraft:raw_iron":40,"minecraft:stick":6,"ars_nouveau:purple_archwood_log":4,"minecraft:oak_fence":7,"minecraft:torch":23,"werewolves:raw_silver":15,"minecraft:cake":1,"minecraft:carrot":17,"tombstone:grave_dust":4,"minecraft:diorite":172,"minecraft:polished_granite_stairs":3,"minecraft:arrow":2,"minecraft:stone_shovel":1,"minecraft:shears":2,"elevatorid:elevator_yellow":4,"everlastingabilities:ability_bottle":1,"relics:aqua_walker":1,"minecraft:mutton":5,"minecraft:white_wool":3,"irons_spellbooks:copper_spell_book":3,"minecraft:cobblestone":411,"minecraft:oxeye_daisy":1,"ars_nouveau:archwood_door":1,"minecraft:andesite":859,"minecraft:potato":48,"minecraft:flint":2,"minecraft:tuff":2,"create:raw_zinc":1,"minecraft:oak_log":51,"minecraft:dirt":156,"minecraft:polished_granite":1,"minecraft:cooked_mutton":4,"minecraft:bone":9,"minecraft:wheat_seeds":169,"minecraft:raw_gold":10,"runecraft_metals_of_gielinor:anthracite":4,"minecraft:oak_planks":10,"sophisticatedbackpacks:diamond_backpack":1,"minecraft:oak_slab":29,"scalinghealth:heart_crystal_shard":7,"minecraft:smooth_basalt":3,"minecraft:cooked_porkchop":3,"minecraft:pumpkin":9,"minecraft:dandelion":31,"minecraft:gravel":43,"minecraft:sand":131,"minecraft:amethyst_shard":4,"minecraft:pumpkin_seeds":8,"minecraft:diamond":1,"minecraft:polished_diorite":51,"minecraft:polished_granite_slab":1,"minecraft:granite":153,"minecraft:gray_wool":13,"minecraft:oak_sapling":6,"minecraft:black_wool":10,"minecraft:coal":2},"minecraft:broken":{"minecraft:wooden_pickaxe":9,"minecraft:stone_pickaxe":5},"minecraft:dropped":{"minecraft:wheat_seeds":96,"minecraft:baked_potato":6,"minecraft:stick":3,"irons_spellbooks:scroll":1,"minecraft:dirt":12,"minecraft:mutton":1,"relics:aqua_walker":2,"ars_nouveau:archwood_door":1,"tombstone:grave_dust":4,"minecraft:sand":3,"minecraft:bone":3,"irons_spellbooks:copper_spell_book":4,"ars_nouveau:archwood_planks":3,"minecraft:yellow_wool":1,"minecraft:raw_iron":24,"minecraft:stone_shovel":1,"minecraft:oak_planks":2,"vampirism:heart_striker_enhanced":5,"minecraft:shears":2,"minecraft:glass_pane":1241,"minecraft:pumpkin_seeds":8,"minecraft:potato":48,"minecraft:andesite":1039,"minecraft:oak_sapling":3},"minecraft:crafted":{"minecraft:oak_planks":192,"minecraft:yellow_wool":25,"minecraft:stone_shovel":1,"minecraft:polished_granite_slab":48,"ars_nouveau:archwood_planks":12,"minecraft:furnace":2,"minecraft:bone_meal":6,"minecraft:cooked_mutton":3,"minecraft:glass_pane":80,"minecraft:glass":32,"minecraft:polished_diorite":184,"minecraft:polished_granite_stairs":44,"minecraft:iron_hoe":1,"ars_nouveau:archwood_door":3,"minecraft:stone_pickaxe":6,"minecraft:oak_fence":39,"minecraft:oak_slab":186,"minecraft:wooden_shovel":1,"minecraft:emerald":6,"minecraft:crafting_table":3,"minecraft:wooden_pickaxe":10,"minecraft:baked_potato":0,"minecraft:polished_granite":92,"minecraft:stone_axe":1,"minecraft:air":0,"minecraft:oak_boat":1,"minecraft:charcoal":7,"minecraft:yellow_dye":26,"minecraft:stick":72,"minecraft:iron_pickaxe":2,"minecraft:torch":12,"elevatorid:elevator_yellow":3,"minecraft:shears":1},"minecraft:used":{"minecraft:oak_fence":46,"minecraft:polished_granite_stairs":47,"minecraft:stone_shovel":84,"minecraft:shield":44,"minecraft:torch":32,"minecraft:dirt":2,"minecraft:carrot":11,"minecraft:polished_granite_slab":49,"minecraft:polished_diorite":200,"minecraft:iron_hoe":10,"minecraft:wooden_axe":254,"ars_nouveau:archwood_door":2,"minecraft:furnace":4,"tombstone:gift":4,"minecraft:cobbled_deepslate":6,"minecraft:wheat_seeds":3,"minecraft:cooked_mutton":7,"farmersdelight:iron_knife":82,"elevatorid:elevator_yellow":6,"minecraft:diorite":18,"minecraft:bundle":1,"minecraft:stone_pickaxe":792,"minecraft:baked_potato":12,"minecraft:oak_planks":17,"minecraft:wooden_pickaxe":559,"minecraft:oak_slab":195,"minecraft:crafting_table":7,"minecraft:oak_log":2,"minecraft:iron_pickaxe":93,"ars_nouveau:purple_archwood_log":1,"minecraft:polished_granite":1,"minecraft:stone_axe":165,"minecraft:cooked_porkchop":2,"minecraft:andesite":3,"minecraft:glass_pane":54,"minecraft:oak_boat":3,"minecraft:bone_meal":5}},"DataVersion":3465}