{"stats":{"minecraft:custom":{"minecraft:jump":29,"minecraft:time_since_rest":3433,"enigmaticlegacy:play_time_with_seven_curses":0,"minecraft:waystone_activated":1,"minecraft:sprint_one_cm":23069,"minecraft:play_time":31102,"minecraft:walk_on_water_one_cm":3672,"minecraft:time_since_death":31102,"minecraft:walk_one_cm":21511,"minecraft:sleep_in_bed":2,"enigmaticlegacy:play_time_without_seven_curses":31102,"minecraft:total_world_time":31102,"minecraft:walk_under_water_one_cm":558,"minecraft:fall_one_cm":269,"minecraft:fly_one_cm":4553},"minecraft:picked_up":{"everlastingabilities:ability_bottle":1}},"DataVersion":3465}