{"stats":{"minecraft:killed_by":{"minecraft:silverfish":1},"minecraft:custom":{"minecraft:open_barrel":7,"minecraft:time_since_rest":9852,"enigmaticlegacy:play_time_with_seven_curses":0,"minecraft:waystone_activated":1,"minecraft:crouch_one_cm":27,"minecraft:play_time":73102,"minecraft:sprint_one_cm":39683,"minecraft:deaths":1,"minecraft:damage_taken":352,"minecraft:walk_one_cm":56455,"minecraft:sneak_time":580,"minecraft:walk_under_water_one_cm":558,"minecraft:jump":92,"minecraft:damage_dealt":33,"minecraft:time_since_death":10717,"minecraft:walk_on_water_one_cm":3672,"minecraft:sleep_in_bed":2,"enigmaticlegacy:play_time_without_seven_curses":72928,"minecraft:total_world_time":73102,"minecraft:interact_with_crafting_table":1,"minecraft:fall_one_cm":269,"minecraft:fly_one_cm":22193},"minecraft:mined":{"minecraft:granite":105,"minecraft:dirt":72,"minecraft:stone":187,"minecraft:diorite":109,"minecraft:infested_stone":2},"minecraft:picked_up":{"minecraft:cooked_mutton":4,"minecraft:diamond":1,"minecraft:granite":94,"everlastingabilities:ability_bottle":1,"minecraft:diorite":98,"minecraft:dirt":64,"minecraft:cobblestone":173},"minecraft:broken":{"minecraft:wooden_pickaxe":7},"minecraft:crafted":{"minecraft:stick":56,"minecraft:wooden_pickaxe":9},"minecraft:used":{"minecraft:cooked_mutton":3,"minecraft:dirt":1,"tombstone:gift":2,"minecraft:wooden_pickaxe":444}},"DataVersion":3465}