{"stats":{"minecraft:killed_by":{"minecraft:player":4,"minecraft:wither_skeleton":10,"minecraft:piglin_brute":5,"irons_spellbooks:summoned_skeleton":1,"minecraft:stray":2,"minecraft:spider":1,"minecraft:magma_cube":42,"irons_spellbooks:necromancer":2,"minecraft:hoglin":1,"minecraft:skeleton":2,"minecraft:blaze":20,"minecraft:zombie":2},"minecraft:killed":{"irons_spellbooks:summoned_zombie":7,"minecraft:spider":1,"minecraft:horse":4,"minecraft:skeleton":14,"irons_spellbooks:summoned_skeleton":3,"minecraft:piglin_brute":39,"minecraft:magma_cube":91,"minecraft:iron_golem":1,"minecraft:hoglin":1,"minecraft:creeper":3,"minecraft:zombie":7,"minecraft:stray":9,"minecraft:wither_skeleton":2,"minecraft:blaze":5,"minecraft:enderman":1,"minecraft:cow":3},"minecraft:custom":{"lootr:looted_stat":52,"enigmaticlegacy:play_time_with_seven_curses":0,"minecraft:mob_kills":194,"minecraft:interact_with_crafting_table":58,"minecraft:open_barrel":1,"minecraft:time_since_death":3193,"minecraft:climb_one_cm":10491,"minecraft:damage_resisted":124,"minecraft:sprint_one_cm":819132,"minecraft:walk_one_cm":437625,"minecraft:damage_blocked_by_shield":5072,"vampirism:interact_with_totem":1,"minecraft:drop":65,"minecraft:talked_to_villager":6,"minecraft:play_time":285739,"minecraft:deaths":103,"minecraft:sneak_time":15523,"minecraft:walk_under_water_one_cm":9425,"minecraft:jump":4532,"minecraft:walk_on_water_one_cm":49866,"minecraft:total_world_time":285739,"enigmaticlegacy:play_time_without_seven_curses":275784,"minecraft:sleep_in_bed":10,"minecraft:waystone_activated":2,"minecraft:time_since_rest":3050,"minecraft:damage_taken":40889,"minecraft:damage_absorbed":494,"minecraft:damage_dealt":33510,"minecraft:swim_one_cm":43777,"minecraft:fly_one_cm":1318482,"minecraft:player_kills":1,"minecraft:open_chest":4,"minecraft:crouch_one_cm":32217,"tombstone:undead_killed":42,"minecraft:fall_one_cm":70227,"minecraft:inspect_dispenser":1},"minecraft:mined":{"minecraft:tuff":1,"minecraft:spruce_planks":3,"minecraft:white_bed":2,"minecraft:black_terracotta":2,"minecraft:cobblestone_stairs":1,"minecraft:nether_bricks":4,"minecraft:granite":8,"minecraft:grass_block":5,"minecraft:spruce_fence":2,"minecraft:stone_brick_wall":3,"minecraft:spruce_leaves":2,"minecraft:spawner":18,"minecraft:hay_block":18,"minecraft:polished_blackstone_bricks":1,"minecraft:polished_basalt":8,"minecraft:cobbled_deepslate":1,"minecraft:sticky_piston":2,"minecraft:fire":11,"minecraft:acacia_wood":79,"minecraft:dark_oak_fence_gate":2,"minecraft:nether_brick_stairs":2,"minecraft:bookshelf":9,"minecraft:rail":2,"minecraft:cobblestone_slab":1,"minecraft:iron_bars":12,"irons_spellbooks:inscription_table":1,"minecraft:stone":81,"minecraft:white_wool":13,"minecraft:spruce_slab":1,"minecraft:gray_terracotta":15,"minecraft:oak_slab":3,"minecraft:scaffolding":5,"minecraft:gray_concrete":1,"minecraft:cyan_terracotta":5,"minecraft:comparator":1,"minecraft:brown_carpet":1,"minecraft:crafting_table":7,"minecraft:tall_grass":24,"minecraft:cobblestone":7,"minecraft:wall_torch":1,"minecraft:spruce_stairs":1,"minecraft:black_stained_glass":2,"minecraft:red_terracotta":20,"minecraft:cobblestone_wall":1,"minecraft:wheat":32,"minecraft:spruce_log":4,"minecraft:tnt":1,"minecraft:black_bed":1,"minecraft:grass":44,"minecraft:coal_ore":6,"minecraft:oak_log":6,"werewolves:deepslate_silver_ore":1,"minecraft:gravel":1,"minecraft:sand":22,"minecraft:dirt":14,"minecraft:cobweb":33,"minecraft:cracked_stone_bricks":1,"minecraft:polished_blackstone":1,"minecraft:acacia_planks":10,"minecraft:polished_andesite":15,"minecraft:stone_bricks":9,"minecraft:deepslate":14,"werewolves:silver_ore":1,"minecraft:oak_leaves":2},"minecraft:picked_up":{"irons_spellbooks:scroll":1,"minecraft:crafting_table":7,"minecraft:iron_chestplate":3,"minecraft:wheat":30,"minecraft:azure_bluet":1,"minecraft:chainmail_boots":2,"minecraft:lead":1,"ars_nouveau:warp_scroll":1,"minecraft:stone_brick_wall":2,"minecraft:potion":1,"minecraft:chain":30,"tombstone:grave_key":2,"enigmaticlegacy:enigmatic_eye":2,"minecraft:string":35,"minecraft:netherite_scrap":1,"minecraft:item_frame":3,"minecraft:armor_stand":12,"minecraft:iron_leggings":3,"minecraft:sticky_piston":2,"minecraft:experience_bottle":1,"minecraft:zombie_head":2,"minecraft:cracked_stone_bricks":1,"irons_spellbooks:arcane_essence":1,"mysticalagriculture:inferium_essence":20,"minecraft:gold_nugget":21,"minecraft:cobbled_deepslate":15,"minecraft:spruce_planks":6,"minecraft:beef":8,"minecraft:poppy":4,"minecraft:spruce_slab":1,"minecraft:chest":2,"irons_spellbooks:inscription_table":1,"minecraft:iron_boots":3,"minecraft:tipped_arrow":2,"minecraft:golden_helmet":7,"minecraft:torch":5,"minecraft:spruce_stairs":1,"minecraft:spruce_fence":1,"minecraft:polished_blackstone_bricks":1,"werewolves:raw_silver":2,"tombstone:grave_dust":5,"minecraft:redstone":1,"minecraft:netherite_pickaxe":4,"minecraft:brown_carpet":5,"minecraft:stone_sword":3,"minecraft:arrow":30,"minecraft:rotten_flesh":5,"minecraft:nether_bricks":7,"minecraft:rail":1,"minecraft:polished_basalt":8,"minecraft:hay_block":17,"minecraft:blaze_rod":1,"minecraft:cyan_terracotta":5,"minecraft:blaze_powder":1,"minecraft:polished_blackstone":1,"everlastingabilities:ability_bottle":1,"minecraft:gold_ingot":4,"sophisticatedbackpacks:copper_backpack":1,"minecraft:netherite_chestplate":2,"minecraft:iron_bars":12,"minecraft:white_wool":13,"minecraft:skeleton_skull":1,"minecraft:cobblestone":80,"minecraft:netherite_boots":2,"minecraft:air":0,"minecraft:magma_cream":2,"minecraft:black_bed":1,"minecraft:leather":18,"minecraft:golden_leggings":12,"minecraft:acacia_wood":79,"paraglider:spirit_orb":22,"minecraft:tuff":1,"scalinghealth:bandages":4,"minecraft:oak_log":5,"minecraft:chainmail_chestplate":2,"minecraft:gunpowder":3,"scalinghealth:heart_crystal":3,"minecraft:gray_concrete":1,"minecraft:dirt":18,"minecraft:lantern":1,"tetra:scroll_rolled":3,"minecraft:bone":29,"minecraft:acacia_planks":7,"minecraft:stone_bricks":8,"minecraft:gray_terracotta":12,"minecraft:bow":5,"minecraft:wheat_seeds":84,"everlastingabilities:ability_totem":2,"minecraft:iron_ingot":13,"tombstone:bag_of_seeds":1,"vampirism:hunter_axe_enhanced":1,"minecraft:oak_planks":16,"minecraft:iron_sword":1,"sophisticatedbackpacks:diamond_backpack":1,"minecraft:book":27,"minecraft:scaffolding":5,"minecraft:oak_slab":3,"scalinghealth:heart_crystal_shard":18,"minecraft:black_terracotta":2,"irons_spellbooks:frozen_bone":20,"minecraft:sand":48,"minecraft:nether_brick_stairs":1,"minecraft:white_bed":2,"minecraft:spruce_log":4,"minecraft:red_terracotta":17,"minecraft:leather_helmet":1,"minecraft:bundle":2,"minecraft:polished_andesite":8,"minecraft:diamond":2,"minecraft:lever":1,"minecraft:chainmail_leggings":2,"minecraft:iron_helmet":2,"minecraft:granite":8,"minecraft:bread":35,"minecraft:emerald":1,"minecraft:chainmail_helmet":2,"werewolves:cracked_bone":3,"tombstone:magic_scroll":2,"minecraft:coal":9},"minecraft:dropped":{"minecraft:bread":41,"tetra:scroll_rolled":3,"minecraft:wheat_seeds":22,"minecraft:golden_helmet":8,"vampirism:hunter_axe_enhanced":1,"minecraft:lantern":1,"minecraft:rail":1,"minecraft:coal":3,"enigmaticlegacy:enigmatic_eye":2,"tombstone:grave_key":4,"minecraft:potion":1,"minecraft:chain":30,"minecraft:bone_block":3,"minecraft:sand":36,"minecraft:string":1,"minecraft:armor_stand":6,"minecraft:lever":1,"minecraft:stone_sword":4,"minecraft:wheat":1,"minecraft:oak_planks":21,"minecraft:azure_bluet":1,"evilcraft:flesh_humanoid":1,"sophisticatedbackpacks:diamond_backpack":1,"minecraft:poppy":2,"minecraft:tipped_arrow":1,"minecraft:spruce_planks":5,"minecraft:golden_leggings":9,"minecraft:chest":1,"minecraft:bow":1},"minecraft:broken":{"minecraft:leather_helmet":1,"minecraft:stone_sword":3,"minecraft:golden_leggings":6,"minecraft:wooden_pickaxe":1,"minecraft:shield":1,"minecraft:wooden_sword":2,"minecraft:golden_chestplate":1},"minecraft:crafted":{"minecraft:wooden_sword":6,"minecraft:oak_planks":20,"minecraft:furnace":2,"minecraft:flint_and_steel":1,"minecraft:stone_pickaxe":2,"minecraft:chest":3,"minecraft:wheat":153,"sophisticatedbackpacks:iron_backpack":4,"sophisticatedbackpacks:backpack":3,"minecraft:crafting_table":4,"minecraft:spruce_planks":16,"minecraft:wooden_pickaxe":2,"sophisticatedbackpacks:gold_backpack":4,"minecraft:stone_axe":1,"minecraft:bread":73,"minecraft:shield":2,"sophisticatedbackpacks:diamond_backpack":4,"minecraft:stick":36,"minecraft:iron_ingot":64,"minecraft:wooden_axe":1,"minecraft:stone_sword":7,"minecraft:gold_ingot":18,"minecraft:white_bed":1,"minecraft:acacia_planks":316,"minecraft:torch":20},"minecraft:used":{"irons_spellbooks:inscription_table":1,"minecraft:stone_sword":622,"minecraft:flint_and_steel":8,"minecraft:polished_basalt":1,"minecraft:spruce_planks":6,"minecraft:shield":89,"minecraft:torch":28,"minecraft:dirt":11,"scalinghealth:heart_crystal":1,"minecraft:nether_bricks":3,"minecraft:golden_chestplate":1,"sophisticatedbackpacks:diamond_backpack":7,"minecraft:wooden_axe":15,"minecraft:cyan_terracotta":1,"enigmaticlegacy:unholy_grail":1,"evilcraft:flesh_humanoid":1,"minecraft:stone_bricks":53,"minecraft:golden_carrot":3,"minecraft:bow":37,"minecraft:furnace":2,"minecraft:cobbled_deepslate":4,"tombstone:gift":4,"minecraft:enchanted_golden_apple":1,"minecraft:acacia_planks":200,"minecraft:stone_pickaxe":202,"minecraft:wooden_pickaxe":86,"minecraft:gold_ore":2,"minecraft:white_wool":6,"minecraft:golden_apple":1,"minecraft:rail":1,"minecraft:sand":12,"minecraft:tnt":2,"minecraft:crafting_table":11,"minecraft:white_bed":3,"minecraft:black_bed":1,"relics:horse_flute":1,"minecraft:gray_terracotta":5,"minecraft:bread":66,"minecraft:red_terracotta":12,"tombstone:grave_key":29,"minecraft:golden_leggings":1,"minecraft:golden_helmet":1,"minecraft:stone_axe":70,"minecraft:wooden_sword":259,"minecraft:cobblestone":29,"minecraft:experience_bottle":1}},"DataVersion":3465}