{"stats":{"minecraft:killed":{"minecraft:cow":3},"minecraft:custom":{"enigmaticlegacy:play_time_with_seven_curses":0,"lootr:looted_stat":12,"minecraft:mob_kills":3,"enigmaticlegacy:play_time_without_seven_curses":33739,"minecraft:interact_with_crafting_table":6,"minecraft:open_barrel":1,"minecraft:time_since_death":33739,"minecraft:sleep_in_bed":1,"minecraft:climb_one_cm":6456,"minecraft:time_since_rest":23717,"minecraft:sprint_one_cm":138571,"minecraft:damage_taken":553,"minecraft:walk_one_cm":48249,"minecraft:drop":36,"vampirism:interact_with_totem":1,"minecraft:damage_dealt":303,"minecraft:swim_one_cm":23869,"minecraft:talked_to_villager":5,"minecraft:fly_one_cm":99591,"minecraft:open_chest":2,"minecraft:crouch_one_cm":3097,"minecraft:play_time":33739,"minecraft:sneak_time":1135,"minecraft:walk_under_water_one_cm":4629,"minecraft:jump":449,"minecraft:walk_on_water_one_cm":7685,"minecraft:total_world_time":33739,"minecraft:fall_one_cm":7251},"minecraft:mined":{"minecraft:oak_slab":2,"minecraft:scaffolding":5,"minecraft:comparator":1,"minecraft:cobblestone_stairs":1,"minecraft:brown_carpet":1,"minecraft:crafting_table":3,"minecraft:spruce_fence":1,"minecraft:hay_block":18,"minecraft:black_stained_glass":2,"minecraft:cobblestone_wall":1,"minecraft:wheat":32,"minecraft:spruce_log":3,"minecraft:dark_oak_fence_gate":2,"minecraft:grass":5,"minecraft:oak_log":2,"minecraft:cobblestone_slab":1,"minecraft:sand":21,"minecraft:cobweb":29,"irons_spellbooks:inscription_table":1,"minecraft:stone":2,"minecraft:white_wool":7,"minecraft:oak_leaves":2},"minecraft:picked_up":{"minecraft:crafting_table":3,"minecraft:wheat":30,"minecraft:azure_bluet":1,"minecraft:leather":3,"minecraft:golden_leggings":9,"minecraft:lead":1,"minecraft:oak_log":2,"enigmaticlegacy:enigmatic_eye":2,"minecraft:string":27,"minecraft:lantern":1,"minecraft:zombie_head":2,"minecraft:armor_stand":6,"minecraft:item_frame":3,"minecraft:experience_bottle":1,"minecraft:bone":2,"minecraft:wheat_seeds":82,"minecraft:spruce_planks":4,"minecraft:iron_ingot":2,"minecraft:beef":8,"vampirism:hunter_axe_enhanced":1,"minecraft:iron_sword":1,"irons_spellbooks:inscription_table":1,"minecraft:scaffolding":5,"minecraft:golden_helmet":7,"minecraft:oak_slab":1,"minecraft:sand":47,"minecraft:spruce_log":3,"minecraft:redstone":1,"minecraft:brown_carpet":5,"minecraft:arrow":2,"minecraft:hay_block":17,"everlastingabilities:ability_bottle":1,"minecraft:gold_ingot":2,"sophisticatedbackpacks:copper_backpack":1,"minecraft:coal":3,"minecraft:skeleton_skull":1,"minecraft:white_wool":7},"minecraft:broken":{"minecraft:wooden_sword":1},"minecraft:dropped":{"minecraft:bread":6,"minecraft:wheat_seeds":21,"minecraft:golden_helmet":8,"vampirism:hunter_axe_enhanced":1,"minecraft:wheat":1,"minecraft:oak_planks":6,"minecraft:lantern":1,"minecraft:azure_bluet":1,"minecraft:coal":3,"enigmaticlegacy:enigmatic_eye":2,"minecraft:spruce_planks":5,"minecraft:golden_leggings":9,"minecraft:sand":36,"minecraft:string":1,"minecraft:armor_stand":6},"minecraft:crafted":{"minecraft:wooden_sword":1,"minecraft:oak_planks":8,"minecraft:crafting_table":1,"minecraft:spruce_planks":12,"minecraft:wooden_pickaxe":1,"minecraft:bread":73,"minecraft:stick":4,"minecraft:wheat":153},"minecraft:used":{"minecraft:spruce_planks":2,"minecraft:wooden_pickaxe":13,"minecraft:sand":11,"minecraft:crafting_table":4,"relics:horse_flute":1,"minecraft:bread":10,"minecraft:golden_helmet":1,"minecraft:wooden_sword":31,"minecraft:experience_bottle":1}},"DataVersion":3465}