{"stats":{"minecraft:killed_by":{"minecraft:piglin_brute":5,"irons_spellbooks:summoned_skeleton":1,"minecraft:magma_cube":2,"minecraft:skeleton":1},"minecraft:killed":{"irons_spellbooks:summoned_zombie":1,"minecraft:horse":4,"minecraft:skeleton":10,"minecraft:piglin_brute":39,"minecraft:magma_cube":1,"minecraft:iron_golem":1,"minecraft:creeper":3,"minecraft:zombie":5,"minecraft:stray":5,"minecraft:enderman":1,"minecraft:cow":3},"minecraft:custom":{"lootr:looted_stat":36,"enigmaticlegacy:play_time_with_seven_curses":0,"minecraft:mob_kills":74,"minecraft:interact_with_crafting_table":37,"minecraft:open_barrel":1,"minecraft:time_since_death":2694,"minecraft:climb_one_cm":10049,"minecraft:damage_resisted":124,"minecraft:sprint_one_cm":430461,"minecraft:walk_one_cm":203762,"minecraft:damage_blocked_by_shield":2562,"vampirism:interact_with_totem":1,"minecraft:drop":39,"minecraft:talked_to_villager":6,"minecraft:play_time":147739,"minecraft:deaths":9,"minecraft:sneak_time":12911,"minecraft:walk_under_water_one_cm":7981,"minecraft:jump":2230,"minecraft:walk_on_water_one_cm":31572,"minecraft:total_world_time":147739,"enigmaticlegacy:play_time_without_seven_curses":147222,"minecraft:sleep_in_bed":7,"minecraft:time_since_rest":985,"minecraft:damage_taken":7000,"minecraft:damage_absorbed":464,"minecraft:damage_dealt":17145,"minecraft:swim_one_cm":36692,"minecraft:fly_one_cm":585339,"minecraft:open_chest":4,"minecraft:crouch_one_cm":23926,"tombstone:undead_killed":21,"minecraft:fall_one_cm":35156,"minecraft:inspect_dispenser":1},"minecraft:mined":{"minecraft:spruce_planks":2,"minecraft:white_bed":2,"minecraft:cobblestone_stairs":1,"minecraft:nether_bricks":1,"minecraft:grass_block":3,"minecraft:spruce_fence":2,"minecraft:stone_brick_wall":3,"minecraft:spawner":3,"minecraft:hay_block":18,"minecraft:polished_basalt":2,"minecraft:sticky_piston":2,"minecraft:fire":4,"minecraft:acacia_wood":79,"minecraft:dark_oak_fence_gate":2,"minecraft:nether_brick_stairs":1,"minecraft:bookshelf":9,"minecraft:cobblestone_slab":1,"minecraft:iron_bars":6,"irons_spellbooks:inscription_table":1,"minecraft:stone":59,"minecraft:white_wool":13,"minecraft:spruce_slab":1,"minecraft:gray_terracotta":5,"minecraft:oak_slab":3,"minecraft:scaffolding":5,"minecraft:comparator":1,"minecraft:brown_carpet":1,"minecraft:crafting_table":7,"minecraft:tall_grass":1,"minecraft:cobblestone":7,"minecraft:wall_torch":1,"minecraft:spruce_stairs":1,"minecraft:black_stained_glass":2,"minecraft:red_terracotta":1,"minecraft:cobblestone_wall":1,"minecraft:wheat":32,"minecraft:spruce_log":4,"minecraft:tnt":1,"minecraft:black_bed":1,"minecraft:grass":8,"minecraft:coal_ore":6,"minecraft:oak_log":5,"werewolves:deepslate_silver_ore":1,"minecraft:sand":22,"minecraft:dirt":6,"minecraft:cobweb":33,"minecraft:cracked_stone_bricks":1,"minecraft:acacia_planks":7,"minecraft:polished_andesite":11,"minecraft:stone_bricks":7,"minecraft:deepslate":4,"werewolves:silver_ore":1,"minecraft:oak_leaves":2},"minecraft:picked_up":{"minecraft:crafting_table":7,"minecraft:iron_chestplate":3,"minecraft:wheat":30,"minecraft:azure_bluet":1,"minecraft:chainmail_boots":2,"minecraft:lead":1,"minecraft:stone_brick_wall":2,"tombstone:grave_key":1,"enigmaticlegacy:enigmatic_eye":2,"minecraft:string":31,"minecraft:netherite_scrap":1,"minecraft:item_frame":3,"minecraft:armor_stand":12,"minecraft:iron_leggings":3,"minecraft:sticky_piston":2,"minecraft:experience_bottle":1,"minecraft:zombie_head":2,"minecraft:cracked_stone_bricks":1,"mysticalagriculture:inferium_essence":15,"minecraft:gold_nugget":21,"minecraft:cobbled_deepslate":4,"minecraft:spruce_planks":6,"minecraft:beef":8,"minecraft:poppy":4,"minecraft:spruce_slab":1,"irons_spellbooks:inscription_table":1,"minecraft:iron_boots":3,"minecraft:tipped_arrow":1,"minecraft:golden_helmet":7,"minecraft:torch":5,"minecraft:spruce_stairs":1,"minecraft:spruce_fence":1,"werewolves:raw_silver":2,"tombstone:grave_dust":2,"minecraft:redstone":1,"minecraft:netherite_pickaxe":4,"minecraft:brown_carpet":5,"minecraft:arrow":22,"minecraft:rotten_flesh":2,"minecraft:nether_bricks":1,"minecraft:polished_basalt":2,"minecraft:hay_block":17,"everlastingabilities:ability_bottle":1,"minecraft:gold_ingot":4,"sophisticatedbackpacks:copper_backpack":1,"minecraft:netherite_chestplate":2,"minecraft:iron_bars":6,"minecraft:white_wool":13,"minecraft:skeleton_skull":1,"minecraft:cobblestone":58,"minecraft:netherite_boots":2,"minecraft:black_bed":1,"minecraft:leather":10,"minecraft:golden_leggings":12,"minecraft:acacia_wood":79,"paraglider:spirit_orb":6,"minecraft:oak_log":5,"minecraft:chainmail_chestplate":2,"minecraft:gunpowder":3,"minecraft:dirt":8,"minecraft:lantern":1,"minecraft:bone":18,"minecraft:acacia_planks":4,"minecraft:stone_bricks":6,"minecraft:gray_terracotta":5,"minecraft:bow":4,"minecraft:wheat_seeds":83,"everlastingabilities:ability_totem":1,"minecraft:iron_ingot":5,"tombstone:bag_of_seeds":1,"vampirism:hunter_axe_enhanced":1,"minecraft:iron_sword":1,"minecraft:book":27,"minecraft:scaffolding":5,"minecraft:oak_slab":3,"scalinghealth:heart_crystal_shard":9,"irons_spellbooks:frozen_bone":13,"minecraft:sand":48,"minecraft:nether_brick_stairs":1,"minecraft:white_bed":2,"minecraft:spruce_log":4,"minecraft:red_terracotta":1,"minecraft:leather_helmet":1,"minecraft:polished_andesite":4,"minecraft:diamond":2,"minecraft:lever":1,"minecraft:chainmail_leggings":2,"minecraft:iron_helmet":2,"minecraft:emerald":1,"minecraft:chainmail_helmet":2,"werewolves:cracked_bone":2,"tombstone:magic_scroll":2,"minecraft:coal":9},"minecraft:dropped":{"minecraft:bread":6,"minecraft:wheat_seeds":21,"minecraft:golden_helmet":8,"vampirism:hunter_axe_enhanced":1,"minecraft:lantern":1,"minecraft:coal":3,"enigmaticlegacy:enigmatic_eye":2,"tombstone:grave_key":1,"minecraft:sand":36,"minecraft:string":1,"minecraft:armor_stand":6,"minecraft:wheat":1,"minecraft:oak_planks":6,"minecraft:azure_bluet":1,"minecraft:poppy":2,"minecraft:spruce_planks":5,"minecraft:golden_leggings":9,"minecraft:bow":1},"minecraft:broken":{"minecraft:leather_helmet":1,"minecraft:stone_sword":1,"minecraft:golden_leggings":2,"minecraft:wooden_pickaxe":1,"minecraft:wooden_sword":2},"minecraft:crafted":{"minecraft:wooden_sword":6,"minecraft:oak_planks":20,"minecraft:flint_and_steel":1,"minecraft:stone_pickaxe":1,"minecraft:chest":1,"minecraft:wheat":153,"sophisticatedbackpacks:iron_backpack":2,"sophisticatedbackpacks:backpack":1,"minecraft:crafting_table":2,"minecraft:spruce_planks":16,"minecraft:wooden_pickaxe":2,"sophisticatedbackpacks:gold_backpack":2,"minecraft:stone_axe":1,"minecraft:bread":73,"minecraft:shield":2,"minecraft:stick":28,"minecraft:wooden_axe":1,"minecraft:stone_sword":2,"minecraft:gold_ingot":18,"minecraft:white_bed":1,"minecraft:acacia_planks":316,"minecraft:torch":20},"minecraft:used":{"irons_spellbooks:inscription_table":1,"minecraft:stone_sword":198,"minecraft:flint_and_steel":8,"minecraft:spruce_planks":5,"minecraft:shield":54,"minecraft:torch":28,"minecraft:dirt":7,"minecraft:wooden_axe":15,"enigmaticlegacy:unholy_grail":1,"evilcraft:flesh_humanoid":1,"minecraft:stone_bricks":53,"minecraft:bow":37,"tombstone:gift":2,"minecraft:enchanted_golden_apple":1,"minecraft:acacia_planks":108,"minecraft:stone_pickaxe":77,"minecraft:wooden_pickaxe":78,"minecraft:white_wool":6,"minecraft:golden_apple":1,"minecraft:sand":12,"minecraft:tnt":2,"minecraft:crafting_table":9,"minecraft:white_bed":3,"relics:horse_flute":1,"minecraft:gray_terracotta":5,"minecraft:bread":43,"minecraft:golden_helmet":1,"minecraft:stone_axe":70,"minecraft:wooden_sword":259,"minecraft:cobblestone":17,"minecraft:experience_bottle":1}},"DataVersion":3465}