{"stats":{"minecraft:custom":{"minecraft:time_since_rest":9739,"enigmaticlegacy:play_time_with_seven_curses":0,"lootr:looted_stat":2,"minecraft:sprint_one_cm":54295,"minecraft:damage_taken":180,"minecraft:walk_one_cm":11623,"vampirism:interact_with_totem":1,"minecraft:drop":10,"minecraft:damage_dealt":0,"enigmaticlegacy:play_time_without_seven_curses":9739,"minecraft:swim_one_cm":560,"minecraft:interact_with_crafting_table":1,"minecraft:talked_to_villager":5,"minecraft:fly_one_cm":24683,"minecraft:open_barrel":1,"minecraft:crouch_one_cm":106,"minecraft:play_time":9739,"minecraft:sneak_time":86,"minecraft:walk_under_water_one_cm":141,"minecraft:jump":114,"minecraft:walk_on_water_one_cm":1383,"minecraft:time_since_death":9739,"minecraft:total_world_time":9739,"minecraft:climb_one_cm":488,"minecraft:fall_one_cm":2938},"minecraft:mined":{"minecraft:hay_block":5,"minecraft:wheat":29,"minecraft:crafting_table":1,"minecraft:grass":2},"minecraft:picked_up":{"minecraft:golden_helmet":7,"minecraft:crafting_table":1,"minecraft:wheat":27,"minecraft:golden_leggings":8,"enigmaticlegacy:enigmatic_eye":2,"minecraft:item_frame":1,"minecraft:armor_stand":4,"minecraft:experience_bottle":1,"minecraft:wheat_seeds":75,"minecraft:hay_block":4,"everlastingabilities:ability_bottle":1,"minecraft:iron_sword":1},"minecraft:dropped":{"enigmaticlegacy:enigmatic_eye":2,"minecraft:golden_helmet":4,"minecraft:golden_leggings":4},"minecraft:crafted":{"minecraft:bread":21,"minecraft:wheat":36},"minecraft:used":{"minecraft:bread":2,"minecraft:golden_helmet":1,"minecraft:experience_bottle":1}},"DataVersion":3465}