{"stats":{"minecraft:killed_by":{"minecraft:skeleton":1},"minecraft:killed":{"minecraft:iron_golem":1,"minecraft:horse":4,"minecraft:cow":3},"minecraft:custom":{"enigmaticlegacy:play_time_with_seven_curses":0,"lootr:looted_stat":18,"minecraft:mob_kills":8,"enigmaticlegacy:play_time_without_seven_curses":51712,"minecraft:interact_with_crafting_table":14,"minecraft:open_barrel":1,"minecraft:time_since_death":1751,"minecraft:sleep_in_bed":1,"minecraft:climb_one_cm":8787,"minecraft:time_since_rest":560,"minecraft:sprint_one_cm":196200,"minecraft:damage_taken":1033,"minecraft:walk_one_cm":67569,"minecraft:drop":38,"vampirism:interact_with_totem":1,"minecraft:damage_dealt":2278,"minecraft:swim_one_cm":35667,"minecraft:talked_to_villager":6,"minecraft:fly_one_cm":181149,"minecraft:open_chest":4,"minecraft:crouch_one_cm":4357,"minecraft:play_time":51739,"minecraft:deaths":1,"minecraft:sneak_time":1632,"minecraft:walk_under_water_one_cm":5100,"minecraft:jump":821,"minecraft:walk_on_water_one_cm":10606,"minecraft:total_world_time":51739,"minecraft:fall_one_cm":13402},"minecraft:mined":{"minecraft:oak_slab":3,"minecraft:spruce_planks":2,"minecraft:scaffolding":5,"minecraft:comparator":1,"minecraft:cobblestone_stairs":1,"minecraft:brown_carpet":1,"minecraft:crafting_table":5,"minecraft:stone_brick_wall":3,"minecraft:spruce_fence":2,"minecraft:cobblestone":3,"minecraft:spruce_stairs":1,"minecraft:hay_block":18,"minecraft:black_stained_glass":2,"minecraft:cobblestone_wall":1,"minecraft:sticky_piston":2,"minecraft:wheat":32,"minecraft:spruce_log":4,"minecraft:dark_oak_fence_gate":2,"minecraft:grass":6,"minecraft:bookshelf":9,"minecraft:oak_log":5,"minecraft:cobblestone_slab":1,"minecraft:sand":21,"minecraft:cobweb":33,"minecraft:stone_bricks":4,"irons_spellbooks:inscription_table":1,"minecraft:stone":10,"minecraft:spruce_slab":1,"minecraft:white_wool":13,"minecraft:oak_leaves":2},"minecraft:picked_up":{"minecraft:iron_chestplate":3,"minecraft:crafting_table":5,"minecraft:wheat":30,"minecraft:azure_bluet":1,"minecraft:chainmail_boots":2,"minecraft:leather":10,"minecraft:golden_leggings":9,"minecraft:lead":1,"minecraft:stone_brick_wall":2,"minecraft:oak_log":5,"minecraft:chainmail_chestplate":2,"enigmaticlegacy:enigmatic_eye":2,"minecraft:string":31,"minecraft:lantern":1,"minecraft:iron_leggings":3,"minecraft:sticky_piston":2,"minecraft:zombie_head":2,"minecraft:armor_stand":12,"minecraft:item_frame":3,"minecraft:experience_bottle":1,"minecraft:bone":3,"minecraft:stone_bricks":4,"minecraft:bow":2,"minecraft:wheat_seeds":83,"mysticalagriculture:inferium_essence":2,"minecraft:spruce_planks":6,"minecraft:iron_ingot":5,"minecraft:beef":8,"vampirism:hunter_axe_enhanced":1,"minecraft:poppy":4,"minecraft:spruce_slab":1,"minecraft:iron_sword":1,"irons_spellbooks:inscription_table":1,"minecraft:iron_boots":3,"minecraft:book":27,"minecraft:scaffolding":5,"minecraft:golden_helmet":7,"minecraft:oak_slab":3,"minecraft:spruce_stairs":1,"minecraft:spruce_fence":1,"minecraft:sand":47,"minecraft:spruce_log":4,"minecraft:redstone":1,"minecraft:brown_carpet":5,"minecraft:arrow":2,"minecraft:diamond":2,"minecraft:lever":1,"minecraft:iron_helmet":2,"minecraft:chainmail_leggings":2,"minecraft:hay_block":17,"minecraft:chainmail_helmet":2,"everlastingabilities:ability_bottle":1,"minecraft:emerald":1,"minecraft:gold_ingot":2,"sophisticatedbackpacks:copper_backpack":1,"minecraft:cobblestone":11,"minecraft:coal":3,"minecraft:skeleton_skull":1,"minecraft:white_wool":13},"minecraft:broken":{"minecraft:wooden_sword":1,"minecraft:wooden_pickaxe":1},"minecraft:dropped":{"minecraft:bread":6,"minecraft:wheat_seeds":21,"minecraft:golden_helmet":8,"vampirism:hunter_axe_enhanced":1,"minecraft:wheat":1,"minecraft:oak_planks":6,"minecraft:lantern":1,"minecraft:azure_bluet":1,"minecraft:coal":3,"minecraft:poppy":2,"enigmaticlegacy:enigmatic_eye":2,"minecraft:spruce_planks":5,"minecraft:golden_leggings":9,"minecraft:sand":36,"minecraft:bow":1,"minecraft:string":1,"minecraft:armor_stand":6},"minecraft:crafted":{"minecraft:wooden_sword":3,"minecraft:oak_planks":20,"sophisticatedbackpacks:backpack":1,"minecraft:crafting_table":1,"minecraft:spruce_planks":16,"minecraft:wooden_pickaxe":1,"sophisticatedbackpacks:gold_backpack":1,"minecraft:bread":73,"minecraft:stick":8,"minecraft:chest":1,"minecraft:gold_ingot":18,"sophisticatedbackpacks:iron_backpack":1,"minecraft:wheat":153},"minecraft:used":{"minecraft:spruce_planks":5,"minecraft:wooden_pickaxe":50,"minecraft:white_wool":6,"minecraft:sand":11,"minecraft:crafting_table":6,"relics:horse_flute":1,"minecraft:bread":14,"minecraft:golden_helmet":1,"minecraft:wooden_sword":72,"minecraft:cobblestone":5,"minecraft:experience_bottle":1}},"DataVersion":3465}