{"stats":{"minecraft:killed":{"minecraft:cow":3},"minecraft:custom":{"minecraft:time_since_rest":11717,"enigmaticlegacy:play_time_with_seven_curses":0,"lootr:looted_stat":5,"minecraft:sprint_one_cm":108631,"minecraft:damage_taken":460,"minecraft:walk_one_cm":26756,"minecraft:mob_kills":3,"vampirism:interact_with_totem":1,"minecraft:drop":23,"minecraft:damage_dealt":303,"enigmaticlegacy:play_time_without_seven_curses":21739,"minecraft:swim_one_cm":23290,"minecraft:interact_with_crafting_table":4,"minecraft:talked_to_villager":5,"minecraft:fly_one_cm":87072,"minecraft:open_barrel":1,"minecraft:open_chest":2,"minecraft:crouch_one_cm":972,"minecraft:play_time":21739,"minecraft:sneak_time":456,"minecraft:walk_under_water_one_cm":4399,"minecraft:jump":367,"minecraft:walk_on_water_one_cm":7517,"minecraft:time_since_death":21739,"minecraft:sleep_in_bed":1,"minecraft:total_world_time":21739,"minecraft:climb_one_cm":1807,"minecraft:fall_one_cm":6016},"minecraft:mined":{"minecraft:hay_block":18,"minecraft:black_stained_glass":2,"minecraft:wheat":32,"minecraft:spruce_log":2,"minecraft:crafting_table":3,"minecraft:grass":5,"minecraft:sand":19,"irons_spellbooks:inscription_table":1,"minecraft:white_wool":7},"minecraft:picked_up":{"minecraft:golden_helmet":7,"minecraft:crafting_table":3,"minecraft:wheat":30,"minecraft:leather":3,"minecraft:golden_leggings":9,"minecraft:lead":1,"minecraft:sand":18,"enigmaticlegacy:enigmatic_eye":2,"minecraft:spruce_log":2,"minecraft:string":1,"minecraft:lantern":1,"minecraft:item_frame":1,"minecraft:armor_stand":4,"minecraft:bone":2,"minecraft:arrow":2,"minecraft:experience_bottle":1,"minecraft:wheat_seeds":82,"minecraft:hay_block":17,"minecraft:beef":8,"everlastingabilities:ability_bottle":1,"minecraft:white_wool":6,"irons_spellbooks:inscription_table":1,"minecraft:iron_sword":1},"minecraft:dropped":{"enigmaticlegacy:enigmatic_eye":2,"minecraft:wheat_seeds":21,"minecraft:golden_helmet":8,"minecraft:wheat":1,"minecraft:golden_leggings":9,"minecraft:lantern":1,"minecraft:armor_stand":4},"minecraft:crafted":{"minecraft:bread":73,"minecraft:wheat":153},"minecraft:used":{"relics:horse_flute":1,"minecraft:bread":7,"minecraft:golden_helmet":1,"minecraft:sand":6,"minecraft:crafting_table":3,"minecraft:experience_bottle":1}},"DataVersion":3465}