{"stats":{"minecraft:broken":{"minecraft:leather_chestplate":1,"minecraft:stone_pickaxe":4,"minecraft:wooden_sword":9,"minecraft:wooden_axe":1},"minecraft:picked_up":{"minecraft:crafting_table":5,"minecraft:redstone_block":2,"minecraft:flower_pot":1,"minecraft:redstone_lamp":1,"minecraft:gold_block":1,"tombstone:grave_key":2,"minecraft:raw_copper":31,"minecraft:smooth_stone_slab":6,"minecraft:item_frame":1,"minecraft:iron_shovel":2,"minecraft:zombie_head":3,"mysticalagriculture:inferium_essence":38,"minecraft:smooth_stone":16,"minecraft:sugar_cane":8,"minecraft:furnace":1,"minecraft:egg":1,"minecraft:raw_iron":22,"minecraft:torch":7,"minecraft:porkchop":4,"werewolves:raw_silver":6,"tombstone:grave_dust":21,"minecraft:diorite":41,"minecraft:carrot":1,"vampirism:amulet":2,"vampirism:hunter_table":1,"minecraft:arrow":2,"minecraft:rotten_flesh":148,"minecraft:hay_block":4,"minecraft:iron_block":1,"minecraft:cyan_terracotta":38,"everlastingabilities:ability_bottle":1,"vampirism:item_alchemical_fire":1,"minecraft:mutton":11,"minecraft:white_wool":7,"minecraft:cobblestone":333,"minecraft:birch_log":12,"vampirism:item_tent":3,"minecraft:andesite":61,"minecraft:leather":4,"minecraft:red_mushroom":1,"minecraft:potato":2,"paraglider:spirit_orb":16,"runecraft_metals_of_gielinor:raw_tin":8,"werewolves:dream_catcher":1,"scalinghealth:bandages":6,"minecraft:oak_log":18,"minecraft:golden_boots":1,"minecraft:gunpowder":1,"minecraft:cobblestone_stairs":2,"scalinghealth:heart_crystal":9,"minecraft:dirt":7,"minecraft:blue_bed":2,"minecraft:lantern":2,"minecraft:brown_candle":4,"minecraft:stone_bricks":3,"vampirism:altar_pillar":1,"minecraft:raw_gold":1,"everlastingabilities:ability_totem":3,"minecraft:iron_ingot":1,"minecraft:rabbit_hide":2,"minecraft:stone_pickaxe":1,"tombstone:bag_of_seeds":3,"minecraft:mossy_stone_bricks":2,"minecraft:iron_sword":2,"minecraft:polished_andesite_slab":1,"minecraft:oak_planks":1,"minecraft:polished_andesite_stairs":1,"artifacts:obsidian_skull":1,"minecraft:stone_brick_slab":2,"vampirism:crucifix_normal":1,"minecraft:white_bed":2,"minecraft:spruce_log":2,"vampirism:altar_infusion":1,"minecraft:mossy_cobblestone":9,"minecraft:bundle":3,"minecraft:polished_andesite":7,"vampirism:altar_tip":1,"evilcraft:dark_gem":17,"minecraft:mossy_cobblestone_stairs":2,"minecraft:bread":64,"minecraft:emerald":1,"minecraft:blue_banner":2,"tombstone:magic_scroll":1,"minecraft:coal":29},"minecraft:dropped":{"minecraft:iron_helmet":1,"minecraft:cobblestone":1,"minecraft:leather":4,"vampirism:amulet":2,"tombstone:grave_key":2,"minecraft:stone_brick_slab":1,"minecraft:raw_iron":1,"vampirism:item_alchemical_fire":1,"enigmaticlegacy:cursed_ring":1,"werewolves:dream_catcher":1,"minecraft:stone_pickaxe":1},"minecraft:mined":{"minecraft:white_bed":2,"minecraft:mossy_cobblestone":10,"minecraft:cobblestone_stairs":2,"vampirism:altar_pillar":2,"minecraft:grass_block":4,"minecraft:polished_andesite_slab":1,"minecraft:spruce_leaves":2,"vampirism:hunter_table":1,"minecraft:spawner":8,"minecraft:hay_block":4,"minecraft:smooth_stone":18,"minecraft:furnace":1,"minecraft:mossy_cobblestone_stairs":2,"minecraft:iron_ore":19,"minecraft:andesite":62,"minecraft:potted_red_mushroom":1,"evilcraft:dark_ore":4,"vampirism:tent":1,"vampirism:altar_infusion":1,"minecraft:lantern":1,"gnumus:fragile_gnumus_jug":2,"minecraft:stone":278,"minecraft:blue_wall_banner":2,"minecraft:redstone_block":2,"minecraft:cyan_terracotta":44,"minecraft:stone_brick_slab":1,"vampirism:tent_main":2,"minecraft:crafting_table":5,"minecraft:polished_andesite_stairs":4,"minecraft:cobblestone":76,"minecraft:tall_grass":2,"minecraft:copper_ore":8,"minecraft:sugar_cane":5,"minecraft:wall_torch":6,"minecraft:diorite":46,"minecraft:blue_bed":2,"minecraft:birch_log":12,"minecraft:spruce_log":2,"minecraft:birch_leaves":2,"minecraft:smooth_stone_slab":8,"runecraft_metals_of_gielinor:tin_ore":8,"minecraft:grass":11,"minecraft:oak_log":19,"minecraft:coal_ore":30,"minecraft:zombie_head":3,"minecraft:dirt":4,"minecraft:cobweb":1,"minecraft:smooth_basalt":1,"minecraft:brown_candle":1,"minecraft:polished_andesite":10,"minecraft:stone_bricks":5,"minecraft:mossy_stone_bricks":2,"minecraft:oak_leaves":8,"werewolves:silver_ore":6,"minecraft:redstone_lamp":1,"vampirism:altar_tip":1},"minecraft:custom":{"enigmaticlegacy:play_time_with_seven_curses":0,"lootr:looted_stat":32,"minecraft:mob_kills":192,"minecraft:interact_with_crafting_table":30,"minecraft:open_barrel":4,"minecraft:leave_game":1,"minecraft:time_since_death":115,"minecraft:climb_one_cm":32651,"minecraft:sprint_one_cm":450641,"minecraft:walk_one_cm":197185,"minecraft:drop":13,"minecraft:play_time":155833,"minecraft:deaths":13,"minecraft:sneak_time":12459,"minecraft:walk_under_water_one_cm":11086,"minecraft:jump":1920,"minecraft:walk_on_water_one_cm":17133,"minecraft:total_world_time":155833,"minecraft:interact_with_furnace":12,"tombstone:raider_killed":1,"enigmaticlegacy:play_time_without_seven_curses":155343,"minecraft:interact_with_cartography_table":1,"vampirism:interact_with_research_table":3,"vampirism:interact_with_garlic_diffuser":3,"minecraft:sleep_in_bed":4,"minecraft:time_since_rest":1,"minecraft:waystone_activated":1,"minecraft:damage_taken":8945,"minecraft:damage_dealt":15843,"minecraft:minecart_one_cm":2085,"minecraft:swim_one_cm":67642,"minecraft:fly_one_cm":306852,"minecraft:open_chest":36,"minecraft:crouch_one_cm":11979,"tombstone:undead_killed":175,"minecraft:fall_one_cm":45226},"minecraft:used":{"minecraft:spruce_planks":8,"minecraft:chest":4,"vampirism:item_alchemical_fire":4,"minecraft:cooked_chicken":1,"minecraft:torch":35,"minecraft:dirt":1,"scalinghealth:heart_crystal":5,"minecraft:wooden_axe":46,"vampirism:item_tent":2,"minecraft:lantern":1,"minecraft:goat_horn":1,"minecraft:furnace":1,"minecraft:egg":1,"minecraft:diorite":16,"minecraft:stone_pickaxe":657,"minecraft:oak_planks":33,"minecraft:leather_chestplate":1,"minecraft:wooden_pickaxe":26,"minecraft:blue_bed":2,"minecraft:crafting_table":6,"minecraft:white_bed":3,"minecraft:apple":1,"minecraft:bread":36,"minecraft:wooden_sword":550,"minecraft:cobblestone":191,"minecraft:smooth_stone_slab":3,"minecraft:smooth_stone":2},"minecraft:killed_by":{"irons_spellbooks:necromancer":1,"minecraft:zombie":10},"minecraft:killed":{"artifacts:mimic":1,"minecraft:pig":2,"minecraft:sheep":7,"minecraft:pillager":1,"minecraft:zombie":175},"minecraft:crafted":{"minecraft:wooden_sword":10,"minecraft:oak_planks":72,"minecraft:stone_pickaxe":8,"minecraft:chest":4,"minecraft:dark_oak_planks":24,"minecraft:wheat":36,"sophisticatedbackpacks:iron_backpack":1,"minecraft:crafting_table":1,"minecraft:spruce_planks":8,"sophisticatedbackpacks:gold_backpack":1,"minecraft:birch_planks":48,"minecraft:bread":12,"minecraft:air":0,"minecraft:shield":1,"minecraft:stick":44,"minecraft:iron_ingot":20,"minecraft:iron_pickaxe":1,"minecraft:stone_sword":1,"minecraft:gold_ingot":45,"minecraft:white_bed":1,"minecraft:torch":32}},"DataVersion":3465}