{"stats":{"minecraft:killed":{"minecraft:spider":1,"minecraft:skeleton":15,"irons_spellbooks:summoned_skeleton":3,"minecraft:piglin_brute":39,"artifacts:mimic":1,"minecraft:magma_cube":91,"minecraft:iron_golem":1,"minecraft:creeper":3,"minecraft:zombie":9,"minecraft:stray":9,"minecraft:cow":3,"minecraft:blaze":5,"irons_spellbooks:summoned_zombie":7,"minecraft:horse":4,"minecraft:hoglin":1,"minecraft:wither_skeleton":2,"minecraft:enderman":1},"minecraft:killed_by":{"minecraft:wither_skeleton":10,"minecraft:piglin_brute":5,"minecraft:magma_cube":42,"minecraft:blaze":20,"minecraft:zombie":6,"vampirism:vampire":1,"minecraft:player":4,"irons_spellbooks:summoned_skeleton":1,"minecraft:stray":2,"minecraft:spider":1,"irons_spellbooks:necromancer":2,"minecraft:hoglin":1,"minecraft:skeleton":3},"minecraft:custom":{"enigmaticlegacy:play_time_with_seven_curses":0,"lootr:looted_stat":63,"minecraft:interact_with_crafting_table":66,"minecraft:open_barrel":1,"minecraft:leave_game":1,"minecraft:time_since_death":14778,"minecraft:damage_resisted":124,"minecraft:sprint_one_cm":1011706,"minecraft:damage_blocked_by_shield":5072,"minecraft:drop":94,"vampirism:interact_with_totem":1,"minecraft:talked_to_villager":6,"minecraft:play_time":406566,"minecraft:deaths":114,"minecraft:jump":5998,"minecraft:walk_on_water_one_cm":92437,"minecraft:interact_with_furnace":9,"minecraft:interact_with_cartography_table":1,"minecraft:sleep_in_bed":10,"minecraft:waystone_activated":2,"minecraft:damage_dealt":35244,"minecraft:player_kills":1,"minecraft:crouch_one_cm":40998,"tombstone:undead_killed":45,"minecraft:inspect_dispenser":1,"minecraft:mob_kills":198,"minecraft:climb_one_cm":10491,"minecraft:walk_one_cm":583610,"minecraft:sneak_time":18210,"minecraft:walk_under_water_one_cm":33084,"minecraft:total_world_time":406566,"enigmaticlegacy:play_time_without_seven_curses":396291,"minecraft:interact_with_stonecutter":1,"minecraft:time_since_rest":13378,"minecraft:damage_taken":45978,"minecraft:damage_absorbed":494,"minecraft:swim_one_cm":69111,"minecraft:fly_one_cm":1555612,"minecraft:open_chest":4,"minecraft:fall_one_cm":119020},"minecraft:mined":{"create:deepslate_zinc_ore":7,"minecraft:spruce_planks":3,"minecraft:white_bed":2,"minecraft:black_terracotta":2,"minecraft:cobblestone_stairs":1,"minecraft:granite":44,"minecraft:grass_block":12,"minecraft:stone_brick_wall":3,"runecraft_metals_of_gielinor:deepslate_tin_ore":2,"mysticalagriculture:inferium_ore":12,"minecraft:spawner":18,"minecraft:polished_blackstone_bricks":1,"minecraft:iron_ore":24,"minecraft:cobbled_deepslate":3,"minecraft:sticky_piston":2,"minecraft:fire":11,"minecraft:deepslate_lapis_ore":14,"minecraft:nether_brick_stairs":2,"minecraft:iron_bars":12,"runecraft_metals_of_gielinor:deepslate_mithril_ore":5,"create:limestone":1,"minecraft:spruce_slab":1,"minecraft:deepslate_redstone_ore":46,"minecraft:gray_terracotta":15,"minecraft:cyan_terracotta":5,"scalinghealth:deepslate_heart_crystal_ore":1,"minecraft:torch":7,"minecraft:cobblestone":158,"minecraft:wall_torch":4,"evilcraft:dark_ore_deepslate":2,"minecraft:wheat":32,"minecraft:black_bed":1,"minecraft:tnt":1,"runecraft_metals_of_gielinor:tin_ore":2,"minecraft:grass":44,"minecraft:oak_log":6,"minecraft:sand":22,"minecraft:dirt":25,"mysticalagriculture:deepslate_prosperity_ore":6,"minecraft:oak_leaves":2,"werewolves:silver_ore":17,"minecraft:deepslate":69,"minecraft:tuff":3,"minecraft:deepslate_diamond_ore":2,"minecraft:nether_bricks":4,"minecraft:spruce_fence":2,"create:ochrum":1,"minecraft:spruce_leaves":2,"minecraft:hay_block":18,"minecraft:redstone_ore":5,"minecraft:polished_basalt":8,"minecraft:acacia_wood":79,"minecraft:andesite":1,"minecraft:dark_oak_fence_gate":2,"evilcraft:dark_ore":3,"minecraft:bookshelf":9,"minecraft:cobblestone_slab":1,"minecraft:deepslate_iron_ore":70,"minecraft:rail":2,"runecraft_metals_of_gielinor:anthracite_ore":2,"irons_spellbooks:inscription_table":1,"minecraft:stone":768,"minecraft:white_wool":13,"minecraft:oak_slab":3,"minecraft:scaffolding":5,"minecraft:gray_concrete":1,"minecraft:comparator":1,"minecraft:brown_carpet":1,"minecraft:crafting_table":7,"minecraft:copper_ore":21,"minecraft:tall_grass":24,"minecraft:deepslate_gold_ore":95,"minecraft:lapis_ore":4,"minecraft:diorite":9,"minecraft:spruce_stairs":1,"minecraft:black_stained_glass":2,"minecraft:red_terracotta":20,"minecraft:cobblestone_wall":1,"minecraft:spruce_log":4,"minecraft:coal_ore":28,"werewolves:deepslate_silver_ore":1,"minecraft:gravel":18,"minecraft:cobweb":33,"minecraft:cracked_stone_bricks":1,"minecraft:acacia_planks":10,"minecraft:stone_bricks":9,"minecraft:polished_blackstone":1,"minecraft:polished_andesite":15,"minecraft:gold_ore":1},"minecraft:picked_up":{"irons_spellbooks:scroll":1,"minecraft:iron_chestplate":3,"minecraft:wheat":30,"minecraft:chainmail_boots":2,"minecraft:lead":1,"minecraft:potion":1,"tombstone:grave_key":2,"enigmaticlegacy:enigmatic_eye":2,"minecraft:string":38,"minecraft:raw_copper":70,"create:limestone":1,"minecraft:iron_leggings":3,"minecraft:armor_stand":12,"minecraft:sticky_piston":2,"minecraft:experience_bottle":1,"minecraft:zombie_head":2,"irons_spellbooks:arcane_essence":1,"mysticalagriculture:inferium_essence":96,"minecraft:gold_nugget":21,"minecraft:cobbled_deepslate":76,"minecraft:spruce_planks":6,"minecraft:iron_pickaxe":1,"irons_spellbooks:inscription_table":1,"minecraft:iron_boots":3,"minecraft:golden_helmet":7,"minecraft:tipped_arrow":2,"mysticalagriculture:prosperity_shard":22,"minecraft:torch":17,"minecraft:spruce_stairs":1,"tombstone:grave_dust":5,"minecraft:diorite":9,"minecraft:brown_carpet":5,"minecraft:stone_sword":3,"minecraft:rotten_flesh":5,"create:ochrum":1,"minecraft:polished_basalt":8,"minecraft:cyan_terracotta":5,"minecraft:netherite_chestplate":2,"minecraft:blaze_rod":1,"minecraft:iron_bars":12,"minecraft:blaze_powder":1,"minecraft:cobblestone":889,"minecraft:magma_cream":2,"minecraft:black_bed":1,"minecraft:golden_leggings":12,"paraglider:spirit_orb":22,"minecraft:flint":1,"minecraft:tuff":5,"create:raw_zinc":7,"minecraft:gray_concrete":1,"minecraft:lapis_lazuli":125,"minecraft:dirt":32,"minecraft:lantern":1,"minecraft:bone":30,"tetra:scroll_rolled":3,"minecraft:acacia_planks":7,"minecraft:gray_terracotta":12,"minecraft:bow":6,"minecraft:wheat_seeds":84,"minecraft:raw_gold":86,"everlastingabilities:ability_totem":2,"minecraft:oak_planks":16,"minecraft:black_terracotta":2,"irons_spellbooks:frozen_bone":20,"minecraft:sand":48,"minecraft:nether_brick_stairs":1,"minecraft:red_terracotta":17,"minecraft:bundle":2,"minecraft:polished_andesite":8,"minecraft:diamond":4,"runecraft_metals_of_gielinor:raw_mithril":5,"minecraft:lever":1,"minecraft:granite":61,"minecraft:chainmail_helmet":2,"minecraft:bread":35,"minecraft:emerald":1,"werewolves:cracked_bone":3,"minecraft:crafting_table":7,"minecraft:azure_bluet":1,"artifacts:night_vision_goggles":1,"minecraft:wooden_pickaxe":1,"ars_nouveau:warp_scroll":1,"minecraft:stone_brick_wall":2,"minecraft:chain":30,"ars_nouveau:archwood_planks":58,"minecraft:netherite_scrap":1,"minecraft:item_frame":3,"minecraft:cracked_stone_bricks":1,"minecraft:beef":8,"minecraft:poppy":4,"minecraft:spruce_slab":1,"minecraft:chest":2,"minecraft:raw_iron":95,"minecraft:spruce_fence":1,"minecraft:polished_blackstone_bricks":1,"werewolves:raw_silver":18,"minecraft:netherite_pickaxe":4,"minecraft:redstone":204,"minecraft:arrow":32,"minecraft:nether_bricks":7,"minecraft:hay_block":17,"everlastingabilities:ability_bottle":1,"minecraft:gold_ingot":4,"sophisticatedbackpacks:copper_backpack":1,"minecraft:polished_blackstone":1,"minecraft:skeleton_skull":1,"minecraft:rail":1,"minecraft:white_wool":13,"minecraft:netherite_boots":2,"minecraft:air":0,"minecraft:leather":18,"minecraft:acacia_wood":79,"runecraft_metals_of_gielinor:raw_tin":4,"minecraft:oak_log":5,"minecraft:chainmail_chestplate":2,"scalinghealth:bandages":4,"minecraft:gunpowder":3,"scalinghealth:heart_crystal":3,"minecraft:stone_bricks":8,"minecraft:iron_ingot":13,"minecraft:stone_pickaxe":3,"vampirism:hunter_axe_enhanced":1,"tombstone:bag_of_seeds":1,"minecraft:iron_sword":1,"sophisticatedbackpacks:diamond_backpack":1,"minecraft:book":27,"minecraft:scaffolding":5,"minecraft:oak_slab":3,"scalinghealth:heart_crystal_shard":18,"minecraft:gravel":10,"minecraft:white_bed":2,"minecraft:spruce_log":4,"minecraft:leather_helmet":1,"minecraft:iron_helmet":2,"minecraft:chainmail_leggings":2,"evilcraft:dark_gem":23,"minecraft:baked_potato":6,"tombstone:magic_scroll":2,"minecraft:coal":27},"minecraft:broken":{"minecraft:golden_leggings":7,"minecraft:stone_pickaxe":8,"minecraft:wooden_sword":2,"minecraft:golden_chestplate":2,"minecraft:leather_helmet":1,"minecraft:stone_sword":4,"minecraft:wooden_pickaxe":1,"minecraft:shield":1,"minecraft:iron_pickaxe":1},"minecraft:dropped":{"minecraft:lantern":1,"minecraft:rail":1,"enigmaticlegacy:enigmatic_eye":2,"minecraft:dirt":1,"irons_spellbooks:arcane_essence":1,"minecraft:chain":30,"minecraft:bone_block":3,"minecraft:sand":36,"minecraft:iron_pickaxe":1,"minecraft:armor_stand":6,"minecraft:gravel":10,"minecraft:lever":1,"minecraft:cobbled_deepslate":7,"minecraft:wheat":1,"werewolves:raw_silver":16,"minecraft:oak_planks":21,"minecraft:azure_bluet":1,"evilcraft:flesh_humanoid":3,"sophisticatedbackpacks:diamond_backpack":1,"minecraft:poppy":2,"minecraft:tipped_arrow":1,"mysticalagriculture:inferium_essence":80,"minecraft:chest":1,"minecraft:arrow":5,"minecraft:bread":41,"minecraft:wheat_seeds":22,"tetra:scroll_rolled":3,"minecraft:golden_helmet":8,"vampirism:hunter_axe_enhanced":1,"minecraft:cobblestone":1,"minecraft:granite":33,"minecraft:coal":3,"minecraft:diorite":7,"tombstone:grave_key":4,"tombstone:grave_dust":3,"minecraft:potion":1,"minecraft:string":7,"minecraft:stone_sword":4,"minecraft:tuff":4,"minecraft:stone":3,"minecraft:spruce_planks":5,"minecraft:golden_leggings":9,"minecraft:bow":2,"minecraft:stone_pickaxe":3,"minecraft:wooden_pickaxe":2},"minecraft:crafted":{"minecraft:oak_planks":20,"minecraft:stone":6,"minecraft:chest":3,"sophisticatedbackpacks:backpack":3,"minecraft:crafting_table":4,"minecraft:spruce_planks":16,"minecraft:wooden_pickaxe":2,"minecraft:shield":2,"sophisticatedbackpacks:diamond_backpack":4,"minecraft:stick":60,"minecraft:iron_ingot":64,"minecraft:stone_sword":7,"minecraft:gold_ingot":18,"minecraft:wooden_sword":6,"minecraft:furnace":2,"minecraft:flint_and_steel":1,"minecraft:stone_pickaxe":11,"minecraft:wheat":153,"sophisticatedbackpacks:iron_backpack":4,"sophisticatedbackpacks:gold_backpack":4,"minecraft:stone_axe":1,"minecraft:bread":73,"minecraft:air":0,"minecraft:wooden_axe":1,"minecraft:stonecutter":1,"minecraft:white_bed":1,"minecraft:acacia_planks":316,"minecraft:torch":68},"minecraft:used":{"irons_spellbooks:inscription_table":1,"minecraft:polished_basalt":1,"minecraft:shield":89,"minecraft:nether_bricks":3,"sophisticatedbackpacks:diamond_backpack":7,"minecraft:cyan_terracotta":1,"minecraft:stone_bricks":53,"minecraft:bow":37,"minecraft:furnace":2,"minecraft:stone_pickaxe":1167,"minecraft:wooden_pickaxe":87,"minecraft:white_wool":6,"minecraft:golden_apple":1,"minecraft:sand":12,"ars_nouveau:archwood_planks":10,"minecraft:black_bed":1,"relics:horse_flute":1,"minecraft:bread":66,"minecraft:red_terracotta":12,"tombstone:grave_key":37,"minecraft:golden_helmet":1,"minecraft:wooden_sword":259,"minecraft:experience_bottle":1,"minecraft:stone_sword":669,"minecraft:flint_and_steel":8,"minecraft:spruce_planks":6,"minecraft:torch":62,"minecraft:dirt":22,"scalinghealth:heart_crystal":1,"minecraft:golden_chestplate":1,"minecraft:wooden_axe":15,"enigmaticlegacy:unholy_grail":1,"evilcraft:flesh_humanoid":1,"minecraft:golden_carrot":14,"tombstone:gift":4,"minecraft:cobbled_deepslate":30,"minecraft:acacia_planks":200,"minecraft:enchanted_golden_apple":1,"minecraft:baked_potato":4,"minecraft:stonecutter":1,"minecraft:gold_ore":2,"minecraft:rail":1,"minecraft:tnt":2,"minecraft:crafting_table":11,"minecraft:white_bed":3,"minecraft:gray_terracotta":5,"minecraft:iron_pickaxe":407,"minecraft:golden_leggings":1,"minecraft:stone_axe":70,"minecraft:cobblestone":455}},"DataVersion":3465}