{"stats":{"minecraft:killed_by":{"minecraft:player":4,"minecraft:piglin_brute":5,"minecraft:wither_skeleton":10,"irons_spellbooks:summoned_skeleton":1,"minecraft:stray":2,"minecraft:spider":1,"minecraft:magma_cube":42,"irons_spellbooks:necromancer":2,"minecraft:hoglin":1,"minecraft:skeleton":2,"minecraft:blaze":20,"minecraft:zombie":2},"minecraft:killed":{"irons_spellbooks:summoned_zombie":7,"minecraft:spider":1,"minecraft:horse":4,"minecraft:skeleton":14,"irons_spellbooks:summoned_skeleton":3,"minecraft:piglin_brute":39,"minecraft:magma_cube":91,"minecraft:iron_golem":1,"minecraft:hoglin":1,"minecraft:creeper":3,"minecraft:zombie":7,"minecraft:stray":9,"minecraft:wither_skeleton":2,"minecraft:enderman":1,"minecraft:blaze":5,"minecraft:cow":3},"minecraft:custom":{"enigmaticlegacy:play_time_with_seven_curses":0,"lootr:looted_stat":52,"minecraft:mob_kills":194,"minecraft:interact_with_crafting_table":66,"minecraft:open_barrel":1,"minecraft:leave_game":1,"minecraft:time_since_death":7005,"minecraft:climb_one_cm":10491,"minecraft:damage_resisted":124,"minecraft:sprint_one_cm":848621,"minecraft:walk_one_cm":493811,"minecraft:damage_blocked_by_shield":5072,"vampirism:interact_with_totem":1,"minecraft:drop":67,"minecraft:talked_to_villager":6,"minecraft:play_time":328566,"minecraft:deaths":106,"minecraft:sneak_time":17308,"minecraft:walk_under_water_one_cm":27628,"minecraft:jump":4736,"minecraft:walk_on_water_one_cm":74151,"minecraft:total_world_time":328566,"minecraft:interact_with_furnace":9,"enigmaticlegacy:play_time_without_seven_curses":318529,"minecraft:interact_with_stonecutter":1,"minecraft:sleep_in_bed":10,"minecraft:time_since_rest":6085,"minecraft:waystone_activated":2,"minecraft:damage_taken":42076,"minecraft:damage_absorbed":494,"minecraft:damage_dealt":33510,"minecraft:swim_one_cm":48102,"minecraft:fly_one_cm":1349421,"minecraft:player_kills":1,"minecraft:open_chest":4,"minecraft:crouch_one_cm":38964,"tombstone:undead_killed":42,"minecraft:fall_one_cm":79188,"minecraft:inspect_dispenser":1},"minecraft:mined":{"minecraft:tuff":1,"minecraft:spruce_planks":3,"minecraft:white_bed":2,"minecraft:black_terracotta":2,"minecraft:cobblestone_stairs":1,"minecraft:nether_bricks":4,"minecraft:granite":24,"minecraft:stone_brick_wall":3,"minecraft:grass_block":10,"minecraft:spruce_fence":2,"minecraft:spruce_leaves":2,"mysticalagriculture:inferium_ore":4,"minecraft:spawner":18,"minecraft:hay_block":18,"minecraft:polished_blackstone_bricks":1,"minecraft:polished_basalt":8,"minecraft:fire":11,"minecraft:sticky_piston":2,"minecraft:cobbled_deepslate":1,"minecraft:acacia_wood":79,"minecraft:dark_oak_fence_gate":2,"minecraft:nether_brick_stairs":2,"minecraft:bookshelf":9,"minecraft:cobblestone_slab":1,"minecraft:rail":2,"minecraft:iron_bars":12,"irons_spellbooks:inscription_table":1,"minecraft:stone":464,"minecraft:white_wool":13,"minecraft:spruce_slab":1,"minecraft:gray_terracotta":15,"minecraft:oak_slab":3,"minecraft:scaffolding":5,"minecraft:gray_concrete":1,"minecraft:cyan_terracotta":5,"minecraft:comparator":1,"minecraft:brown_carpet":1,"minecraft:crafting_table":7,"minecraft:tall_grass":24,"minecraft:copper_ore":3,"minecraft:cobblestone":135,"minecraft:lapis_ore":4,"minecraft:diorite":7,"minecraft:wall_torch":1,"minecraft:spruce_stairs":1,"minecraft:black_stained_glass":2,"minecraft:red_terracotta":20,"minecraft:cobblestone_wall":1,"minecraft:wheat":32,"minecraft:spruce_log":4,"minecraft:tnt":1,"minecraft:black_bed":1,"minecraft:grass":44,"minecraft:coal_ore":17,"minecraft:oak_log":6,"werewolves:deepslate_silver_ore":1,"minecraft:gravel":10,"minecraft:sand":22,"minecraft:dirt":21,"minecraft:cobweb":33,"minecraft:cracked_stone_bricks":1,"minecraft:acacia_planks":10,"minecraft:polished_andesite":15,"minecraft:polished_blackstone":1,"minecraft:stone_bricks":9,"minecraft:deepslate":14,"werewolves:silver_ore":1,"minecraft:oak_leaves":2},"minecraft:picked_up":{"irons_spellbooks:scroll":1,"minecraft:wheat":30,"minecraft:iron_chestplate":3,"minecraft:crafting_table":7,"minecraft:azure_bluet":1,"minecraft:chainmail_boots":2,"minecraft:lead":1,"minecraft:stone_brick_wall":2,"ars_nouveau:warp_scroll":1,"minecraft:potion":1,"tombstone:grave_key":2,"minecraft:chain":30,"enigmaticlegacy:enigmatic_eye":2,"minecraft:string":35,"minecraft:raw_copper":12,"minecraft:netherite_scrap":1,"minecraft:iron_leggings":3,"minecraft:sticky_piston":2,"minecraft:armor_stand":12,"minecraft:item_frame":3,"minecraft:zombie_head":2,"minecraft:experience_bottle":1,"minecraft:cracked_stone_bricks":1,"irons_spellbooks:arcane_essence":1,"mysticalagriculture:inferium_essence":31,"minecraft:gold_nugget":21,"minecraft:cobbled_deepslate":15,"minecraft:spruce_planks":6,"minecraft:beef":8,"minecraft:poppy":4,"minecraft:spruce_slab":1,"minecraft:chest":2,"irons_spellbooks:inscription_table":1,"minecraft:iron_boots":3,"minecraft:tipped_arrow":2,"minecraft:golden_helmet":7,"minecraft:torch":7,"minecraft:spruce_stairs":1,"minecraft:spruce_fence":1,"minecraft:polished_blackstone_bricks":1,"werewolves:raw_silver":2,"tombstone:grave_dust":5,"minecraft:diorite":7,"minecraft:redstone":1,"minecraft:netherite_pickaxe":4,"minecraft:brown_carpet":5,"minecraft:stone_sword":3,"minecraft:arrow":30,"minecraft:rotten_flesh":5,"minecraft:nether_bricks":7,"minecraft:polished_basalt":8,"minecraft:hay_block":17,"minecraft:cyan_terracotta":5,"everlastingabilities:ability_bottle":1,"minecraft:gold_ingot":4,"minecraft:netherite_chestplate":2,"sophisticatedbackpacks:copper_backpack":1,"minecraft:iron_bars":12,"minecraft:polished_blackstone":1,"minecraft:cobblestone":551,"minecraft:blaze_rod":1,"minecraft:white_wool":13,"minecraft:rail":1,"minecraft:skeleton_skull":1,"minecraft:blaze_powder":1,"minecraft:netherite_boots":2,"minecraft:air":0,"minecraft:magma_cream":2,"minecraft:golden_leggings":12,"minecraft:black_bed":1,"minecraft:leather":18,"minecraft:acacia_wood":79,"paraglider:spirit_orb":22,"scalinghealth:bandages":4,"minecraft:tuff":1,"minecraft:oak_log":5,"minecraft:chainmail_chestplate":2,"minecraft:gunpowder":3,"scalinghealth:heart_crystal":3,"minecraft:gray_concrete":1,"minecraft:lapis_lazuli":26,"minecraft:dirt":30,"minecraft:lantern":1,"tetra:scroll_rolled":3,"minecraft:bone":29,"minecraft:acacia_planks":7,"minecraft:stone_bricks":8,"minecraft:bow":5,"minecraft:gray_terracotta":12,"minecraft:wheat_seeds":84,"minecraft:stone_pickaxe":2,"minecraft:iron_ingot":13,"everlastingabilities:ability_totem":2,"tombstone:bag_of_seeds":1,"vampirism:hunter_axe_enhanced":1,"minecraft:oak_planks":16,"minecraft:iron_sword":1,"sophisticatedbackpacks:diamond_backpack":1,"minecraft:book":27,"minecraft:scaffolding":5,"minecraft:oak_slab":3,"scalinghealth:heart_crystal_shard":18,"minecraft:black_terracotta":2,"irons_spellbooks:frozen_bone":20,"minecraft:gravel":4,"minecraft:sand":48,"minecraft:nether_brick_stairs":1,"minecraft:white_bed":2,"minecraft:spruce_log":4,"minecraft:red_terracotta":17,"minecraft:leather_helmet":1,"minecraft:bundle":2,"minecraft:polished_andesite":8,"minecraft:diamond":2,"minecraft:lever":1,"minecraft:chainmail_leggings":2,"minecraft:iron_helmet":2,"minecraft:granite":23,"minecraft:emerald":1,"minecraft:bread":35,"minecraft:chainmail_helmet":2,"werewolves:cracked_bone":3,"tombstone:magic_scroll":2,"minecraft:coal":20},"minecraft:broken":{"minecraft:leather_helmet":1,"minecraft:stone_sword":3,"minecraft:wooden_pickaxe":1,"minecraft:golden_leggings":6,"minecraft:stone_pickaxe":5,"minecraft:shield":1,"minecraft:wooden_sword":2,"minecraft:golden_chestplate":1},"minecraft:dropped":{"minecraft:bread":41,"tetra:scroll_rolled":3,"minecraft:wheat_seeds":22,"minecraft:golden_helmet":8,"vampirism:hunter_axe_enhanced":1,"minecraft:lantern":1,"minecraft:rail":1,"minecraft:coal":3,"enigmaticlegacy:enigmatic_eye":2,"tombstone:grave_key":4,"minecraft:potion":1,"minecraft:chain":30,"minecraft:bone_block":3,"minecraft:sand":36,"minecraft:string":1,"minecraft:armor_stand":6,"minecraft:lever":1,"minecraft:stone_sword":4,"minecraft:wheat":1,"minecraft:oak_planks":21,"minecraft:azure_bluet":1,"evilcraft:flesh_humanoid":1,"sophisticatedbackpacks:diamond_backpack":1,"minecraft:poppy":2,"minecraft:tipped_arrow":1,"minecraft:spruce_planks":5,"minecraft:chest":1,"minecraft:golden_leggings":9,"minecraft:bow":1,"minecraft:stone_pickaxe":2},"minecraft:crafted":{"minecraft:wooden_sword":6,"minecraft:oak_planks":20,"minecraft:furnace":2,"minecraft:stone":6,"minecraft:flint_and_steel":1,"minecraft:stone_pickaxe":11,"minecraft:chest":3,"sophisticatedbackpacks:iron_backpack":4,"minecraft:wheat":153,"sophisticatedbackpacks:backpack":3,"minecraft:crafting_table":4,"minecraft:spruce_planks":16,"minecraft:wooden_pickaxe":2,"sophisticatedbackpacks:gold_backpack":4,"minecraft:stone_axe":1,"minecraft:bread":73,"minecraft:air":0,"minecraft:shield":2,"sophisticatedbackpacks:diamond_backpack":4,"minecraft:stick":60,"minecraft:iron_ingot":64,"minecraft:wooden_axe":1,"minecraft:stone_sword":7,"minecraft:gold_ingot":18,"minecraft:stonecutter":1,"minecraft:white_bed":1,"minecraft:acacia_planks":316,"minecraft:torch":64},"minecraft:used":{"irons_spellbooks:inscription_table":1,"minecraft:stone_sword":622,"minecraft:flint_and_steel":8,"minecraft:polished_basalt":1,"minecraft:spruce_planks":6,"minecraft:shield":89,"minecraft:torch":37,"minecraft:dirt":22,"scalinghealth:heart_crystal":1,"minecraft:nether_bricks":3,"minecraft:golden_chestplate":1,"sophisticatedbackpacks:diamond_backpack":7,"minecraft:wooden_axe":15,"minecraft:cyan_terracotta":1,"enigmaticlegacy:unholy_grail":1,"evilcraft:flesh_humanoid":1,"minecraft:stone_bricks":53,"minecraft:bow":37,"minecraft:golden_carrot":6,"minecraft:furnace":2,"tombstone:gift":4,"minecraft:acacia_planks":200,"minecraft:cobbled_deepslate":4,"minecraft:enchanted_golden_apple":1,"minecraft:stone_pickaxe":769,"minecraft:wooden_pickaxe":87,"minecraft:stonecutter":1,"minecraft:gold_ore":2,"minecraft:white_wool":6,"minecraft:golden_apple":1,"minecraft:sand":12,"minecraft:rail":1,"minecraft:tnt":2,"minecraft:crafting_table":11,"minecraft:white_bed":3,"minecraft:black_bed":1,"relics:horse_flute":1,"minecraft:gray_terracotta":5,"minecraft:bread":66,"tombstone:grave_key":31,"minecraft:red_terracotta":12,"minecraft:stone_axe":70,"minecraft:golden_leggings":1,"minecraft:golden_helmet":1,"minecraft:wooden_sword":259,"minecraft:cobblestone":254,"minecraft:experience_bottle":1}},"DataVersion":3465}