{
  "ars_nouveau:recipes/misc/dull_trinket": {
    "criteria": {
      "has_journal": "2024-06-24 19:35:08 +0000"
    },
    "done": true
  },
  "ars_nouveau:recipes/misc/ritual_flight": {
    "criteria": {
      "has_journal": "2024-06-24 19:35:08 +0000"
    },
    "done": true
  },
  "ars_nouveau:recipes/building_blocks/smooth_gilded_sourcestone_basketweave_stonecutter_stair": {
    "criteria": {
      "has_journal": "2024-06-24 19:35:08 +0000"
    },
    "done": true
  },
  "farmersdelight:recipes/food/grilled_salmon": {
    "criteria": {
      "has_salmon": "2024-06-24 19:41:12 +0000"
    },
    "done": true
  },
  "ars_nouveau:recipes/building_blocks/smooth_gilded_sourcestone_large_bricks_stonecutter_stair": {
    "criteria": {
      "has_journal": "2024-06-24 19:35:08 +0000"
    },
    "done": true
  },
  "ars_nouveau:recipes/building_blocks/smooth_gilded_sourcestone_mosaic_stone_cutterslab": {
    "criteria": {
      "has_journal": "2024-06-24 19:35:08 +0000"
    },
    "done": true
  },
  "ars_nouveau:recipes/misc/ritual_fertility": {
    "criteria": {
      "has_journal": "2024-06-24 19:35:08 +0000"
    },
    "done": true
  },
  "ars_nouveau:recipes/misc/spike_to_dye": {
    "criteria": {
      "has_journal": "2024-06-24 19:35:08 +0000"
    },
    "done": true
  },
  "ars_nouveau:recipes/misc/rotating_turret_to_basic_spell_turret": {
    "criteria": {
      "has_journal": "2024-06-24 19:35:08 +0000"
    },
    "done": true
  },
  "ars_nouveau:recipes/misc/ritual_moonfall": {
    "criteria": {
      "has_journal": "2024-06-24 19:35:08 +0000"
    },
    "done": true
  },
  "paraglider:root": {
    "criteria": {
      "crafting_table": "2024-06-24 19:38:56 +0000"
    },
    "done": true
  },
  "ars_nouveau:recipes/misc/polished_sconce": {
    "criteria": {
      "has_journal": "2024-06-24 19:35:08 +0000"
    },
    "done": true
  },
  "ars_nouveau:recipes/misc/gilded_sourcestone_large_bricks_to_sourcestone": {
    "criteria": {
      "has_journal": "2024-06-24 19:35:08 +0000"
    },
    "done": true
  },
  "ars_nouveau:recipes/misc/ritual_animal_summon": {
    "criteria": {
      "has_journal": "2024-06-24 19:35:08 +0000"
    },
    "done": true
  },
  "ars_nouveau:recipes/building_blocks/sourcestone_small_bricks_stonecutter_stair": {
    "criteria": {
      "has_journal": "2024-06-24 19:35:08 +0000"
    },
    "done": true
  },
  "ars_nouveau:recipes/misc/magelight_torch": {
    "criteria": {
      "has_journal": "2024-06-24 19:35:08 +0000"
    },
    "done": true
  },
  "ars_nouveau:recipes/building_blocks/smooth_sourcestone_slab": {
    "criteria": {
      "has_journal": "2024-06-24 19:35:08 +0000"
    },
    "done": true
  },
  "ars_nouveau:recipes/misc/platform_to_pedestal": {
    "criteria": {
      "has_journal": "2024-06-24 19:35:08 +0000"
    },
    "done": true
  },
  "ars_nouveau:recipes/building_blocks/gilded_sourcestone_large_bricks_slab": {
    "criteria": {
      "has_journal": "2024-06-24 19:35:08 +0000"
    },
    "done": true
  },
  "ars_nouveau:recipes/building_blocks/smooth_gilded_sourcestone_small_bricks_stonecutter_stair": {
    "criteria": {
      "has_journal": "2024-06-24 19:35:08 +0000"
    },
    "done": true
  },
  "ars_nouveau:recipes/misc/imbuement_chamber": {
    "criteria": {
      "has_journal": "2024-06-24 19:35:08 +0000"
    },
    "done": true
  },
  "ars_nouveau:recipes/building_blocks/sourcestone_large_bricks_stonecutter_stair": {
    "criteria": {
      "has_journal": "2024-06-24 19:35:08 +0000"
    },
    "done": true
  },
  "ars_nouveau:recipes/misc/manipulation_essence_to_andesite": {
    "criteria": {
      "has_journal": "2024-06-24 19:35:08 +0000"
    },
    "done": true
  },
  "ars_nouveau:recipes/building_blocks/archwood_slab": {
    "criteria": {
      "has_journal": "2024-06-24 19:35:08 +0000"
    },
    "done": true
  },
  "ars_nouveau:recipes/misc/green_archwood_wood": {
    "criteria": {
      "has_journal": "2024-06-24 19:35:08 +0000"
    },
    "done": true
  },
  "ars_nouveau:recipes/misc/ritual_binding": {
    "criteria": {
      "has_journal": "2024-06-24 19:35:08 +0000"
    },
    "done": true
  },
  "ars_nouveau:root": {
    "criteria": {
      "ars_nouveau:worn_notebook": "2024-06-24 19:35:08 +0000"
    },
    "done": true
  },
  "create:root": {
    "criteria": {
      "0": "2024-06-24 19:35:08 +0000"
    },
    "done": true
  },
  "ars_nouveau:recipes/misc/gilded_sourcestone_large_bricks_stairs": {
    "criteria": {
      "has_journal": "2024-06-24 19:35:08 +0000"
    },
    "done": true
  },
  "ars_nouveau:recipes/misc/wing_to_leather": {
    "criteria": {
      "has_journal": "2024-06-24 19:35:08 +0000"
    },
    "done": true
  },
  "ars_nouveau:recipes/misc/smooth_sourcestone_stairs": {
    "criteria": {
      "has_journal": "2024-06-24 19:35:08 +0000"
    },
    "done": true
  },
  "ars_nouveau:recipes/misc/runic_chalk": {
    "criteria": {
      "has_journal": "2024-06-24 19:35:08 +0000"
    },
    "done": true
  },
  "ars_nouveau:recipes/building_blocks/gilded_sourcestone_basketweave_stone_cutterslab": {
    "criteria": {
      "has_journal": "2024-06-24 19:35:08 +0000"
    },
    "done": true
  },
  "ars_nouveau:recipes/misc/ritual_brazier": {
    "criteria": {
      "has_journal": "2024-06-24 19:35:08 +0000"
    },
    "done": true
  },
  "minecraft:recipes/misc/gold_nugget_from_blasting": {
    "criteria": {
      "has_golden_helmet": "2024-06-24 19:39:00 +0000"
    },
    "done": true
  },
  "ars_nouveau:recipes/misc/manipulation_essence_to_mycelium": {
    "criteria": {
      "has_journal": "2024-06-24 19:35:08 +0000"
    },
    "done": true
  },
  "enigmaticlegacy:book/relics/enigmatic_amulet": {
    "criteria": {
      "has_items": "2024-06-24 19:35:08 +0000"
    },
    "done": true
  },
  "ars_nouveau:recipes/building_blocks/stripped_green_archwood_wood": {
    "criteria": {
      "has_journal": "2024-06-24 19:35:08 +0000"
    },
    "done": true
  },
  "create:recipes/misc/crafting/appliances/crafting_blueprint": {
    "criteria": {
      "has_item": "2024-06-24 19:38:56 +0000"
    },
    "done": true
  },
  "ars_nouveau:recipes/building_blocks/smooth_gilded_sourcestone_basketweave_stone_cutterslab": {
    "criteria": {
      "has_journal": "2024-06-24 19:35:08 +0000"
    },
    "done": true
  },
  "ars_nouveau:recipes/misc/spike_to_arrow": {
    "criteria": {
      "has_journal": "2024-06-24 19:35:08 +0000"
    },
    "done": true
  },
  "ars_nouveau:recipes/misc/void_prism": {
    "criteria": {
      "has_journal": "2024-06-24 19:35:08 +0000"
    },
    "done": true
  },
  "enigmaticlegacy:main/root": {
    "criteria": {
      "flower": "2024-06-24 19:35:08 +0000"
    },
    "done": true
  },
  "ars_nouveau:recipes/misc/blue_sbed": {
    "criteria": {
      "has_journal": "2024-06-24 19:35:08 +0000"
    },
    "done": true
  },
  "ars_nouveau:recipes/misc/relay": {
    "criteria": {
      "has_journal": "2024-06-24 19:35:08 +0000"
    },
    "done": true
  },
  "ars_nouveau:recipes/misc/ritual_burrowing": {
    "criteria": {
      "has_journal": "2024-06-24 19:35:08 +0000"
    },
    "done": true
  },
  "ars_nouveau:recipes/misc/ritual_overgrowth": {
    "criteria": {
      "has_journal": "2024-06-24 19:35:08 +0000"
    },
    "done": true
  },
  "ars_nouveau:recipes/misc/ritual_restoration": {
    "criteria": {
      "has_journal": "2024-06-24 19:35:08 +0000"
    },
    "done": true
  },
  "minecraft:recipes/decorations/crafting_table": {
    "criteria": {
      "unlock_right_away": "2024-06-24 19:35:08 +0000"
    },
    "done": true
  },
  "minecraft:recipes/decorations/chest": {
    "criteria": {
      "has_lots_of_items": "2024-06-24 19:39:00 +0000"
    },
    "done": true
  },
  "ars_nouveau:recipes/misc/sourcestone": {
    "criteria": {
      "has_journal": "2024-06-24 19:35:08 +0000"
    },
    "done": true
  },
  "ars_nouveau:recipes/misc/smooth_sourcestone_to_sourcestone": {
    "criteria": {
      "has_journal": "2024-06-24 19:35:08 +0000"
    },
    "done": true
  },
  "ars_nouveau:recipes/decorations/sourcestone_19": {
    "criteria": {
      "has_journal": "2024-06-24 19:35:08 +0000"
    },
    "done": true
  },
  "ars_nouveau:recipes/decorations/sourcestone_18": {
    "criteria": {
      "has_journal": "2024-06-24 19:35:08 +0000"
    },
    "done": true
  },
  "ars_nouveau:recipes/decorations/sourcestone_11": {
    "criteria": {
      "has_journal": "2024-06-24 19:35:08 +0000"
    },
    "done": true
  },
  "ars_nouveau:recipes/decorations/sourcestone_10": {
    "criteria": {
      "has_journal": "2024-06-24 19:35:08 +0000"
    },
    "done": true
  },
  "ars_nouveau:recipes/decorations/sourcestone_13": {
    "criteria": {
      "has_journal": "2024-06-24 19:35:08 +0000"
    },
    "done": true
  },
  "ars_nouveau:recipes/decorations/sourcestone_12": {
    "criteria": {
      "has_journal": "2024-06-24 19:35:08 +0000"
    },
    "done": true
  },
  "ars_nouveau:recipes/decorations/sourcestone_15": {
    "criteria": {
      "has_journal": "2024-06-24 19:35:08 +0000"
    },
    "done": true
  },
  "ars_nouveau:recipes/decorations/sourcestone_14": {
    "criteria": {
      "has_journal": "2024-06-24 19:35:08 +0000"
    },
    "done": true
  },
  "ars_nouveau:recipes/decorations/sourcestone_17": {
    "criteria": {
      "has_journal": "2024-06-24 19:35:08 +0000"
    },
    "done": true
  },
  "ars_nouveau:recipes/decorations/sourcestone_16": {
    "criteria": {
      "has_journal": "2024-06-24 19:35:08 +0000"
    },
    "done": true
  },
  "ars_nouveau:recipes/misc/sunrise_2": {
    "criteria": {
      "has_journal": "2024-06-24 19:35:08 +0000"
    },
    "done": true
  },
  "ars_nouveau:recipes/misc/smooth_gilded_sourcestone_large_bricks_stairs": {
    "criteria": {
      "has_journal": "2024-06-24 19:35:08 +0000"
    },
    "done": true
  },
  "ars_nouveau:recipes/misc/ritual_sanctuary": {
    "criteria": {
      "has_journal": "2024-06-24 19:35:08 +0000"
    },
    "done": true
  },
  "minecraft:recipes/transportation/cherry_boat": {
    "criteria": {
      "in_water": "2024-06-24 19:38:27 +0000"
    },
    "done": true
  },
  "ars_nouveau:recipes/building_blocks/archwood_button": {
    "criteria": {
      "has_journal": "2024-06-24 19:35:08 +0000"
    },
    "done": true
  },
  "ars_nouveau:recipes/misc/archwood_chest": {
    "criteria": {
      "has_journal": "2024-06-24 19:35:08 +0000"
    },
    "done": true
  },
  "ars_nouveau:recipes/building_blocks/smooth_sourcestone_stonecutter_stair": {
    "criteria": {
      "has_journal": "2024-06-24 19:35:08 +0000"
    },
    "done": true
  },
  "ars_nouveau:recipes/building_blocks/smooth_sourcestone_basketweave_stone_cutterslab": {
    "criteria": {
      "has_journal": "2024-06-24 19:35:08 +0000"
    },
    "done": true
  },
  "ars_nouveau:recipes/building_blocks/smooth_gilded_sourcestone_alternating_stone_cutterslab": {
    "criteria": {
      "has_journal": "2024-06-24 19:35:08 +0000"
    },
    "done": true
  },
  "ars_nouveau:recipes/misc/manipulation_essence_to_diorite": {
    "criteria": {
      "has_journal": "2024-06-24 19:35:08 +0000"
    },
    "done": true
  },
  "ars_nouveau:recipes/decorations/sourcestone_20": {
    "criteria": {
      "has_journal": "2024-06-24 19:35:08 +0000"
    },
    "done": true
  },
  "ars_nouveau:recipes/misc/gilded_sourcestone_mosaic_to_sourcestone": {
    "criteria": {
      "has_journal": "2024-06-24 19:35:08 +0000"
    },
    "done": true
  },
  "ars_nouveau:recipes/decorations/sourcestone_21": {
    "criteria": {
      "has_journal": "2024-06-24 19:35:08 +0000"
    },
    "done": true
  },
  "minecraft:recipes/transportation/bamboo_raft": {
    "criteria": {
      "in_water": "2024-06-24 19:38:27 +0000"
    },
    "done": true
  },
  "ars_nouveau:recipes/misc/annotated_codex": {
    "criteria": {
      "has_journal": "2024-06-24 19:35:08 +0000"
    },
    "done": true
  },
  "ars_nouveau:recipes/building_blocks/gilded_sourcestone_alternating_stone_cutterslab": {
    "criteria": {
      "has_journal": "2024-06-24 19:35:08 +0000"
    },
    "done": true
  },
  "ars_nouveau:recipes/misc/volcanic_sourcelink": {
    "criteria": {
      "has_journal": "2024-06-24 19:35:08 +0000"
    },
    "done": true
  },
  "ars_nouveau:recipes/misc/sourceberry_to_purple": {
    "criteria": {
      "has_journal": "2024-06-24 19:35:08 +0000"
    },
    "done": true
  },
  "minecraft:recipes/food/bread": {
    "criteria": {
      "has_wheat": "2024-06-24 19:37:51 +0000"
    },
    "done": true
  },
  "ars_nouveau:recipes/building_blocks/gilded_sourcestone_alternating_stonecutter_stair": {
    "criteria": {
      "has_journal": "2024-06-24 19:35:08 +0000"
    },
    "done": true
  },
  "ars_nouveau:recipes/misc/clear_deny": {
    "criteria": {
      "has_journal": "2024-06-24 19:35:08 +0000"
    },
    "done": true
  },
  "ars_nouveau:recipes/misc/source_gem_block_2": {
    "criteria": {
      "has_journal": "2024-06-24 19:35:08 +0000"
    },
    "done": true
  },
  "ars_nouveau:recipes/misc/moonfall_2": {
    "criteria": {
      "has_journal": "2024-06-24 19:35:08 +0000"
    },
    "done": true
  },
  "ars_nouveau:recipes/building_blocks/gilded_sourcestone_large_bricks_stone_cutterslab": {
    "criteria": {
      "has_journal": "2024-06-24 19:35:08 +0000"
    },
    "done": true
  },
  "minecraft:recipes/building_blocks/hay_block": {
    "criteria": {
      "has_wheat": "2024-06-24 19:37:51 +0000"
    },
    "done": true
  },
  "ars_nouveau:recipes/misc/spell_prism": {
    "criteria": {
      "has_journal": "2024-06-24 19:35:08 +0000"
    },
    "done": true
  },
  "minecraft:recipes/redstone/target": {
    "criteria": {
      "has_hay_block": "2024-06-24 19:38:02 +0000"
    },
    "done": true
  },
  "ars_nouveau:recipes/misc/arcane_platform": {
    "criteria": {
      "has_journal": "2024-06-24 19:35:08 +0000"
    },
    "done": true
  },
  "ars_nouveau:recipes/misc/polished_source_sconce": {
    "criteria": {
      "has_journal": "2024-06-24 19:35:08 +0000"
    },
    "done": true
  },
  "ars_nouveau:recipes/misc/gilded_sourcestone_alternating_stairs": {
    "criteria": {
      "has_journal": "2024-06-24 19:35:08 +0000"
    },
    "done": true
  },
  "ars_nouveau:recipes/building_blocks/archwood_door": {
    "criteria": {
      "has_journal": "2024-06-24 19:35:08 +0000"
    },
    "done": true
  },
  "ars_nouveau:recipes/misc/ritual_sunrise": {
    "criteria": {
      "has_journal": "2024-06-24 19:35:08 +0000"
    },
    "done": true
  },
  "ars_nouveau:recipes/misc/wipe_spell_parchment": {
    "criteria": {
      "has_journal": "2024-06-24 19:35:08 +0000"
    },
    "done": true
  },
  "irons_spellbooks:grant_patchouli": {
    "criteria": {
      "tick": "2024-06-24 19:35:08 +0000"
    },
    "done": true
  },
  "ars_nouveau:recipes/misc/vitalic_sourcelink": {
    "criteria": {
      "has_journal": "2024-06-24 19:35:08 +0000"
    },
    "done": true
  },
  "ars_nouveau:recipes/misc/wixie_hat": {
    "criteria": {
      "has_journal": "2024-06-24 19:35:08 +0000"
    },
    "done": true
  },
  "ars_nouveau:recipes/building_blocks/sourcestone_basketweave_stone_cutterslab": {
    "criteria": {
      "has_journal": "2024-06-24 19:35:08 +0000"
    },
    "done": true
  },
  "ars_nouveau:recipes/building_blocks/gilded_sourcestone_small_bricks_stonecutter_stair": {
    "criteria": {
      "has_journal": "2024-06-24 19:35:08 +0000"
    },
    "done": true
  },
  "ars_nouveau:recipes/misc/source_berry_pie": {
    "criteria": {
      "has_journal": "2024-06-24 19:35:08 +0000"
    },
    "done": true
  },
  "ars_nouveau:recipes/misc/manipulation_essence_to_moss_block": {
    "criteria": {
      "has_journal": "2024-06-24 19:35:08 +0000"
    },
    "done": true
  },
  "ars_nouveau:recipes/building_blocks/archwood_fence_gate": {
    "criteria": {
      "has_journal": "2024-06-24 19:35:08 +0000"
    },
    "done": true
  },
  "ars_nouveau:recipes/misc/smooth_sourcestone_alternating_stairs": {
    "criteria": {
      "has_journal": "2024-06-24 19:35:08 +0000"
    },
    "done": true
  },
  "lootr:social": {
    "criteria": {
      "opened_chest": "2024-06-24 19:41:01 +0000"
    },
    "done": false
  },
  "ars_nouveau:recipes/misc/sourcestone_alternating_stairs": {
    "criteria": {
      "has_journal": "2024-06-24 19:35:08 +0000"
    },
    "done": true
  },
  "ars_nouveau:recipes/misc/conjuration_essence_to_soul_sand": {
    "criteria": {
      "has_journal": "2024-06-24 19:35:08 +0000"
    },
    "done": true
  },
  "ars_nouveau:recipes/misc/manipulation_essence_to_deepslate": {
    "criteria": {
      "has_journal": "2024-06-24 19:35:08 +0000"
    },
    "done": true
  },
  "ars_nouveau:recipes/misc/gilded_sourcestone_basketweave_to_sourcestone": {
    "criteria": {
      "has_journal": "2024-06-24 19:35:08 +0000"
    },
    "done": true
  },
  "ars_nouveau:recipes/misc/ritual_forestation": {
    "criteria": {
      "has_journal": "2024-06-24 19:35:08 +0000"
    },
    "done": true
  },
  "vampirism:recipes/food/general/garlic_bread": {
    "criteria": {
      "has_bread": "2024-06-24 19:38:46 +0000"
    },
    "done": true
  },
  "dungeons_arise:wda_root": {
    "criteria": {
      "WDA": "2024-06-24 19:35:08 +0000"
    },
    "done": true
  },
  "ars_nouveau:recipes/building_blocks/gilded_sourcestone_large_bricks_stonecutter_stair": {
    "criteria": {
      "has_journal": "2024-06-24 19:35:08 +0000"
    },
    "done": true
  },
  "ars_nouveau:recipes/misc/ritual_cloudshaping": {
    "criteria": {
      "has_journal": "2024-06-24 19:35:08 +0000"
    },
    "done": true
  },
  "minecraft:recipes/decorations/campfire": {
    "criteria": {
      "has_coal": "2024-06-24 19:41:09 +0000"
    },
    "done": true
  },
  "dungeons_arise:find_abandoned_temple": {
    "criteria": {
      "location0": "2024-06-24 19:37:25 +0000"
    },
    "done": true
  },
  "ars_nouveau:recipes/misc/magebloom_block": {
    "criteria": {
      "has_journal": "2024-06-24 19:35:08 +0000"
    },
    "done": true
  },
  "minecraft:recipes/food/cooked_salmon_from_campfire_cooking": {
    "criteria": {
      "has_salmon": "2024-06-24 19:41:12 +0000"
    },
    "done": true
  },
  "ars_nouveau:recipes/misc/blank_parchment": {
    "criteria": {
      "has_journal": "2024-06-24 19:35:08 +0000"
    },
    "done": true
  },
  "ars_nouveau:recipes/misc/smooth_sourcestone_mosaic_to_sourcestone": {
    "criteria": {
      "has_journal": "2024-06-24 19:35:08 +0000"
    },
    "done": true
  },
  "ars_nouveau:recipes/building_blocks/archwood_fence": {
    "criteria": {
      "has_journal": "2024-06-24 19:35:08 +0000"
    },
    "done": true
  },
  "ars_nouveau:recipes/misc/archwood_planks": {
    "criteria": {
      "has_journal": "2024-06-24 19:35:08 +0000"
    },
    "done": true
  },
  "ars_nouveau:recipes/misc/potion_jar": {
    "criteria": {
      "has_journal": "2024-06-24 19:35:08 +0000"
    },
    "done": true
  },
  "ars_nouveau:recipes/misc/air_essence_to_snow_bucket": {
    "criteria": {
      "has_journal": "2024-06-24 19:35:08 +0000"
    },
    "done": true
  },
  "ars_nouveau:recipes/misc/red_archwood_wood": {
    "criteria": {
      "has_journal": "2024-06-24 19:35:08 +0000"
    },
    "done": true
  },
  "ars_nouveau:recipes/misc/ritual_disintegration": {
    "criteria": {
      "has_journal": "2024-06-24 19:35:08 +0000"
    },
    "done": true
  },
  "ars_nouveau:recipes/building_blocks/smooth_gilded_sourcestone_mosaic_slab": {
    "criteria": {
      "has_journal": "2024-06-24 19:35:08 +0000"
    },
    "done": true
  },
  "ars_nouveau:recipes/misc/ritual_awakening": {
    "criteria": {
      "has_journal": "2024-06-24 19:35:08 +0000"
    },
    "done": true
  },
  "ars_nouveau:recipes/misc/warp_scroll": {
    "criteria": {
      "has_journal": "2024-06-24 19:35:08 +0000"
    },
    "done": true
  },
  "ars_nouveau:recipes/misc/mimic_scroll": {
    "criteria": {
      "has_journal": "2024-06-24 19:35:08 +0000"
    },
    "done": true
  },
  "ars_nouveau:recipes/misc/red_sbed": {
    "criteria": {
      "has_journal": "2024-06-24 19:35:08 +0000"
    },
    "done": true
  },
  "ars_nouveau:recipes/misc/redstone_relay": {
    "criteria": {
      "has_journal": "2024-06-24 19:35:08 +0000"
    },
    "done": true
  },
  "werewolves:recipes/transportation/jacaranda_boat": {
    "criteria": {
      "in_water": "2024-06-24 19:38:27 +0000"
    },
    "done": true
  },
  "ars_nouveau:recipes/misc/starbuncle_shades": {
    "criteria": {
      "has_journal": "2024-06-24 19:35:08 +0000"
    },
    "done": true
  },
  "ars_nouveau:recipes/misc/source_jar": {
    "criteria": {
      "has_journal": "2024-06-24 19:35:08 +0000"
    },
    "done": true
  },
  "ars_nouveau:recipes/building_blocks/gilded_sourcestone_basketweave_stonecutter_stair": {
    "criteria": {
      "has_journal": "2024-06-24 19:35:08 +0000"
    },
    "done": true
  },
  "enigmaticlegacy:recipes/generic/the_acknowledgment": {
    "criteria": {
      "has_iron_ingot": "2024-06-24 19:35:08 +0000"
    },
    "done": true
  },
  "ars_nouveau:recipes/building_blocks/sourcestone_basketweave_stonecutter_stair": {
    "criteria": {
      "has_journal": "2024-06-24 19:35:08 +0000"
    },
    "done": true
  },
  "ars_nouveau:recipes/building_blocks/smooth_sourcestone_alternating_stonecutter_stair": {
    "criteria": {
      "has_journal": "2024-06-24 19:35:08 +0000"
    },
    "done": true
  },
  "ars_nouveau:recipes/building_blocks/smooth_gilded_sourcestone_basketweave_slab": {
    "criteria": {
      "has_journal": "2024-06-24 19:35:08 +0000"
    },
    "done": true
  },
  "ars_nouveau:recipes/misc/mundane_belt": {
    "criteria": {
      "has_journal": "2024-06-24 19:35:08 +0000"
    },
    "done": true
  },
  "ars_nouveau:recipes/building_blocks/smooth_gilded_sourcestone_small_bricks_stone_cutterslab": {
    "criteria": {
      "has_journal": "2024-06-24 19:35:08 +0000"
    },
    "done": true
  },
  "ars_nouveau:recipes/building_blocks/smooth_sourcestone_large_bricks_stone_cutterslab": {
    "criteria": {
      "has_journal": "2024-06-24 19:35:08 +0000"
    },
    "done": true
  },
  "minecraft:recipes/brewing/cauldron": {
    "criteria": {
      "has_water_bucket": "2024-06-24 19:41:05 +0000"
    },
    "done": true
  },
  "ars_nouveau:recipes/misc/mob_jar": {
    "criteria": {
      "has_journal": "2024-06-24 19:35:08 +0000"
    },
    "done": true
  },
  "minecraft:recipes/transportation/acacia_boat": {
    "criteria": {
      "in_water": "2024-06-24 19:38:27 +0000"
    },
    "done": true
  },
  "ars_nouveau:recipes/misc/challenge_2": {
    "criteria": {
      "has_journal": "2024-06-24 19:35:08 +0000"
    },
    "done": true
  },
  "ars_nouveau:recipes/building_blocks/sourcestone_basketweave_slab": {
    "criteria": {
      "has_journal": "2024-06-24 19:35:08 +0000"
    },
    "done": true
  },
  "ars_nouveau:recipes/building_blocks/gilded_sourcestone_basketweave_slab": {
    "criteria": {
      "has_journal": "2024-06-24 19:35:08 +0000"
    },
    "done": true
  },
  "ars_nouveau:recipes/misc/manipulation_essence_to_flourishing_sapling": {
    "criteria": {
      "has_journal": "2024-06-24 19:35:08 +0000"
    },
    "done": true
  },
  "ars_nouveau:recipes/building_blocks/sourcestone_alternating_stone_cutterslab": {
    "criteria": {
      "has_journal": "2024-06-24 19:35:08 +0000"
    },
    "done": true
  },
  "betterdungeons:root": {
    "criteria": {
      "always": "2024-06-24 19:35:08 +0000"
    },
    "done": true
  },
  "ars_nouveau:recipes/misc/smooth_sourcestone_basketweave_to_sourcestone": {
    "criteria": {
      "has_journal": "2024-06-24 19:35:08 +0000"
    },
    "done": true
  },
  "ars_nouveau:recipes/misc/item_detector": {
    "criteria": {
      "has_journal": "2024-06-24 19:35:08 +0000"
    },
    "done": true
  },
  "ars_nouveau:recipes/misc/ritual_warping": {
    "criteria": {
      "has_journal": "2024-06-24 19:35:08 +0000"
    },
    "done": true
  },
  "ars_nouveau:recipes/misc/gilded_sourcestone_small_bricks_to_sourcestone": {
    "criteria": {
      "has_journal": "2024-06-24 19:35:08 +0000"
    },
    "done": true
  },
  "ars_nouveau:recipes/misc/ghostweave": {
    "criteria": {
      "has_journal": "2024-06-24 19:35:08 +0000"
    },
    "done": true
  },
  "ars_nouveau:recipes/misc/manipulation_essence_to_vexing_sapling": {
    "criteria": {
      "has_journal": "2024-06-24 19:35:08 +0000"
    },
    "done": true
  },
  "ars_nouveau:recipes/building_blocks/gilded_sourcestone_mosaic_slab": {
    "criteria": {
      "has_journal": "2024-06-24 19:35:08 +0000"
    },
    "done": true
  },
  "realmrpg_quests:root": {
    "criteria": {
      "root_0": "2024-06-24 19:35:08 +0000"
    },
    "done": true
  },
  "ars_nouveau:recipes/building_blocks/smooth_sourcestone_large_bricks_slab": {
    "criteria": {
      "has_journal": "2024-06-24 19:35:08 +0000"
    },
    "done": true
  },
  "ars_nouveau:recipes/misc/sourcestone_large_bricks_to_sourcestone": {
    "criteria": {
      "has_journal": "2024-06-24 19:35:08 +0000"
    },
    "done": true
  },
  "ars_nouveau:recipes/misc/arcane_core": {
    "criteria": {
      "has_journal": "2024-06-24 19:35:08 +0000"
    },
    "done": true
  },
  "farmersdelight:recipes/food/pie_crust": {
    "criteria": {
      "has_wheat": "2024-06-24 19:37:51 +0000"
    },
    "done": true
  },
  "ars_nouveau:recipes/building_blocks/smooth_sourcestone_mosaic_slab": {
    "criteria": {
      "has_journal": "2024-06-24 19:35:08 +0000"
    },
    "done": true
  },
  "ars_nouveau:recipes/misc/ritual_containment": {
    "criteria": {
      "has_journal": "2024-06-24 19:35:08 +0000"
    },
    "done": true
  },
  "ars_nouveau:recipes/misc/ritual_flowering": {
    "criteria": {
      "has_journal": "2024-06-24 19:35:08 +0000"
    },
    "done": true
  },
  "ars_nouveau:recipes/misc/purple_sbed": {
    "criteria": {
      "has_journal": "2024-06-24 19:35:08 +0000"
    },
    "done": true
  },
  "ars_nouveau:recipes/building_blocks/smooth_gilded_sourcestone_large_bricks_slab": {
    "criteria": {
      "has_journal": "2024-06-24 19:35:08 +0000"
    },
    "done": true
  },
  "ars_nouveau:recipes/misc/smooth_sourcestone_basketweave_stairs": {
    "criteria": {
      "has_journal": "2024-06-24 19:35:08 +0000"
    },
    "done": true
  },
  "ars_nouveau:recipes/misc/sourceberry_sack": {
    "criteria": {
      "has_journal": "2024-06-24 19:35:08 +0000"
    },
    "done": true
  },
  "ars_nouveau:recipes/misc/manipulation_essence_to_blazin_sapling": {
    "criteria": {
      "has_journal": "2024-06-24 19:35:08 +0000"
    },
    "done": true
  },
  "tombstone:adventure/root": {
    "criteria": {
      "auto": "2024-06-24 19:35:09 +0000"
    },
    "done": true
  },
  "ars_nouveau:recipes/building_blocks/gilded_sourcestone_mosaic_stone_cutterslab": {
    "criteria": {
      "has_journal": "2024-06-24 19:35:08 +0000"
    },
    "done": true
  },
  "ars_nouveau:recipes/building_blocks/gilded_sourcestone_small_bricks_stone_cutterslab": {
    "criteria": {
      "has_journal": "2024-06-24 19:35:08 +0000"
    },
    "done": true
  },
  "ars_nouveau:recipes/misc/manipulation_essence_to_tuff": {
    "criteria": {
      "has_journal": "2024-06-24 19:35:08 +0000"
    },
    "done": true
  },
  "ars_nouveau:recipes/misc/purple_archwood_wood": {
    "criteria": {
      "has_journal": "2024-06-24 19:35:08 +0000"
    },
    "done": true
  },
  "werewolves:recipes/transportation/magic_boat": {
    "criteria": {
      "in_water": "2024-06-24 19:38:27 +0000"
    },
    "done": true
  },
  "ars_nouveau:recipes/building_blocks/sourcestone_small_bricks_stone_cutterslab": {
    "criteria": {
      "has_journal": "2024-06-24 19:35:08 +0000"
    },
    "done": true
  },
  "ars_nouveau:recipes/misc/gilded_sourcestone_mosaic_stairs": {
    "criteria": {
      "has_journal": "2024-06-24 19:35:08 +0000"
    },
    "done": true
  },
  "minecraft:recipes/transportation/jungle_boat": {
    "criteria": {
      "in_water": "2024-06-24 19:38:27 +0000"
    },
    "done": true
  },
  "ars_nouveau:recipes/misc/sconce": {
    "criteria": {
      "has_journal": "2024-06-24 19:35:08 +0000"
    },
    "done": true
  },
  "ars_nouveau:recipes/misc/gilded_sourcestone_small_bricks_stairs": {
    "criteria": {
      "has_journal": "2024-06-24 19:35:08 +0000"
    },
    "done": true
  },
  "ars_nouveau:recipes/misc/smooth_gilded_sourcestone_small_bricks_to_sourcestone": {
    "criteria": {
      "has_journal": "2024-06-24 19:35:08 +0000"
    },
    "done": true
  },
  "lootr:1chest": {
    "criteria": {
      "opened_chest": "2024-06-24 19:41:01 +0000"
    },
    "done": true
  },
  "ars_nouveau:recipes/misc/arcane_pedestal": {
    "criteria": {
      "has_journal": "2024-06-24 19:35:08 +0000"
    },
    "done": true
  },
  "vampirism:recipes/decorations/general/grave_cage": {
    "criteria": {
      "has_coal": "2024-06-24 19:41:09 +0000"
    },
    "done": true
  },
  "farmersdelight:recipes/cooking/fish_stew": {
    "criteria": {
      "has_any_ingredient": "2024-06-24 19:41:12 +0000"
    },
    "done": true
  },
  "ars_nouveau:recipes/misc/fire_essence_to_charge": {
    "criteria": {
      "has_journal": "2024-06-24 19:35:08 +0000"
    },
    "done": true
  },
  "minecraft:recipes/misc/iron_nugget_from_smelting": {
    "criteria": {
      "has_iron_sword": "2024-06-24 19:39:25 +0000"
    },
    "done": true
  },
  "ars_nouveau:recipes/misc/ritual_gravity": {
    "criteria": {
      "has_journal": "2024-06-24 19:35:08 +0000"
    },
    "done": true
  },
  "ars_nouveau:recipes/building_blocks/smooth_sourcestone_basketweave_slab": {
    "criteria": {
      "has_journal": "2024-06-24 19:35:08 +0000"
    },
    "done": true
  },
  "ars_nouveau:recipes/building_blocks/smooth_sourcestone_mosaic_stonecutter_stair": {
    "criteria": {
      "has_journal": "2024-06-24 19:35:08 +0000"
    },
    "done": true
  },
  "ars_nouveau:recipes/building_blocks/smooth_sourcestone_small_bricks_stone_cutterslab": {
    "criteria": {
      "has_journal": "2024-06-24 19:35:08 +0000"
    },
    "done": true
  },
  "ars_nouveau:recipes/building_blocks/gilded_sourcestone_mosaic_stonecutter_stair": {
    "criteria": {
      "has_journal": "2024-06-24 19:35:08 +0000"
    },
    "done": true
  },
  "ars_nouveau:recipes/misc/ritual_scrying": {
    "criteria": {
      "has_journal": "2024-06-24 19:35:08 +0000"
    },
    "done": true
  },
  "ars_nouveau:recipes/misc/wipe_starby_shard": {
    "criteria": {
      "has_journal": "2024-06-24 19:35:08 +0000"
    },
    "done": true
  },
  "minecraft:recipes/misc/gold_nugget_from_smelting": {
    "criteria": {
      "has_golden_helmet": "2024-06-24 19:39:00 +0000"
    },
    "done": true
  },
  "ars_nouveau:recipes/misc/sourcestone_basketweave_to_sourcestone": {
    "criteria": {
      "has_journal": "2024-06-24 19:35:08 +0000"
    },
    "done": true
  },
  "farmersdelight:recipes/food/wheat_dough_from_eggs": {
    "criteria": {
      "has_wheat": "2024-06-24 19:37:51 +0000"
    },
    "done": true
  },
  "ars_nouveau:recipes/building_blocks/smooth_sourcestone_basketweave_stonecutter_stair": {
    "criteria": {
      "has_journal": "2024-06-24 19:35:08 +0000"
    },
    "done": true
  },
  "ars_nouveau:recipes/misc/smooth_gilded_sourcestone_large_bricks_to_sourcestone": {
    "criteria": {
      "has_journal": "2024-06-24 19:35:08 +0000"
    },
    "done": true
  },
  "ars_nouveau:recipes/misc/manipulation_essence_to_cascading_sapling": {
    "criteria": {
      "has_journal": "2024-06-24 19:35:08 +0000"
    },
    "done": true
  },
  "ars_nouveau:recipes/misc/alchemical_sourcelink": {
    "criteria": {
      "has_journal": "2024-06-24 19:35:08 +0000"
    },
    "done": true
  },
  "ars_nouveau:recipes/misc/source_berry_roll": {
    "criteria": {
      "has_journal": "2024-06-24 19:35:08 +0000"
    },
    "done": true
  },
  "ars_nouveau:recipes/building_blocks/sourcestone_mosaic_stonecutter_stair": {
    "criteria": {
      "has_journal": "2024-06-24 19:35:08 +0000"
    },
    "done": true
  },
  "ars_nouveau:recipes/misc/smooth_sourcestone_alternating_to_sourcestone": {
    "criteria": {
      "has_journal": "2024-06-24 19:35:08 +0000"
    },
    "done": true
  },
  "ars_nouveau:recipes/misc/falseweave": {
    "criteria": {
      "has_journal": "2024-06-24 19:35:08 +0000"
    },
    "done": true
  },
  "ars_nouveau:recipes/misc/scribes_table": {
    "criteria": {
      "has_journal": "2024-06-24 19:35:08 +0000"
    },
    "done": true
  },
  "ars_nouveau:recipes/misc/manipulation_essence_to_calcite": {
    "criteria": {
      "has_journal": "2024-06-24 19:35:08 +0000"
    },
    "done": true
  },
  "ars_nouveau:recipes/building_blocks/sourcestone_large_bricks_slab": {
    "criteria": {
      "has_journal": "2024-06-24 19:35:08 +0000"
    },
    "done": true
  },
  "ars_nouveau:recipes/misc/archwood_trapdoor": {
    "criteria": {
      "has_journal": "2024-06-24 19:35:08 +0000"
    },
    "done": true
  },
  "ars_nouveau:recipes/misc/clear_allow": {
    "criteria": {
      "has_journal": "2024-06-24 19:35:08 +0000"
    },
    "done": true
  },
  "ars_nouveau:recipes/misc/green_sbed": {
    "criteria": {
      "has_journal": "2024-06-24 19:35:08 +0000"
    },
    "done": true
  },
  "minecraft:recipes/food/cooked_salmon": {
    "criteria": {
      "has_salmon": "2024-06-24 19:41:12 +0000"
    },
    "done": true
  },
  "ars_nouveau:recipes/building_blocks/gilded_sourcestone_alternating_slab": {
    "criteria": {
      "has_journal": "2024-06-24 19:35:08 +0000"
    },
    "done": true
  },
  "minecraft:recipes/decorations/glow_item_frame": {
    "criteria": {
      "has_item_frame": "2024-06-24 19:39:52 +0000"
    },
    "done": true
  },
  "ars_nouveau:recipes/misc/smooth_gilded_sourcestone_basketweave_to_sourcestone": {
    "criteria": {
      "has_journal": "2024-06-24 19:35:08 +0000"
    },
    "done": true
  },
  "ars_nouveau:recipes/misc/horn_to_bonemeal": {
    "criteria": {
      "has_journal": "2024-06-24 19:35:08 +0000"
    },
    "done": true
  },
  "ars_nouveau:recipes/building_blocks/smooth_gilded_sourcestone_small_bricks_slab": {
    "criteria": {
      "has_journal": "2024-06-24 19:35:08 +0000"
    },
    "done": true
  },
  "minecraft:recipes/building_blocks/emerald_block": {
    "criteria": {
      "has_emerald": "2024-06-24 19:41:14 +0000"
    },
    "done": true
  },
  "ars_nouveau:recipes/building_blocks/smooth_sourcestone_large_bricks_stonecutter_stair": {
    "criteria": {
      "has_journal": "2024-06-24 19:35:08 +0000"
    },
    "done": true
  },
  "ars_nouveau:recipes/building_blocks/smooth_gilded_sourcestone_alternating_slab": {
    "criteria": {
      "has_journal": "2024-06-24 19:35:08 +0000"
    },
    "done": true
  },
  "ars_nouveau:recipes/misc/smooth_sourcestone_large_bricks_to_sourcestone": {
    "criteria": {
      "has_journal": "2024-06-24 19:35:08 +0000"
    },
    "done": true
  },
  "ars_nouveau:recipes/misc/worn_notebook": {
    "criteria": {
      "has_journal": "2024-06-24 19:35:08 +0000"
    },
    "done": true
  },
  "ars_nouveau:recipes/misc/potion_jar_empty": {
    "criteria": {
      "has_journal": "2024-06-24 19:35:08 +0000"
    },
    "done": true
  },
  "ars_nouveau:recipes/misc/fire_essence_to_magma_block": {
    "criteria": {
      "has_journal": "2024-06-24 19:35:08 +0000"
    },
    "done": true
  },
  "ars_nouveau:recipes/misc/source_gem_block": {
    "criteria": {
      "has_journal": "2024-06-24 19:35:08 +0000"
    },
    "done": true
  },
  "farmersdelight:recipes/food/wheat_dough_from_water": {
    "criteria": {
      "has_wheat": "2024-06-24 19:37:51 +0000"
    },
    "done": true
  },
  "ars_nouveau:recipes/misc/water_essence_to_obsidian": {
    "criteria": {
      "has_journal": "2024-06-24 19:35:08 +0000"
    },
    "done": true
  },
  "ars_nouveau:recipes/misc/smooth_sourcestone_mosaic_stairs": {
    "criteria": {
      "has_journal": "2024-06-24 19:35:08 +0000"
    },
    "done": true
  },
  "ars_nouveau:recipes/building_blocks/stripped_purple_archwood_wood": {
    "criteria": {
      "has_journal": "2024-06-24 19:35:08 +0000"
    },
    "done": true
  },
  "ars_nouveau:recipes/building_blocks/archwood_pressure_plate": {
    "criteria": {
      "has_journal": "2024-06-24 19:35:08 +0000"
    },
    "done": true
  },
  "ars_nouveau:recipes/misc/repository": {
    "criteria": {
      "has_journal": "2024-06-24 19:35:08 +0000"
    },
    "done": true
  },
  "ars_nouveau:recipes/misc/deny_scroll": {
    "criteria": {
      "has_journal": "2024-06-24 19:35:08 +0000"
    },
    "done": true
  },
  "ars_nouveau:recipes/misc/archwood_to_chest": {
    "criteria": {
      "has_journal": "2024-06-24 19:35:08 +0000"
    },
    "done": true
  },
  "ars_nouveau:recipes/misc/sourcestone_mosaic_stairs": {
    "criteria": {
      "has_journal": "2024-06-24 19:35:08 +0000"
    },
    "done": true
  },
  "lootr:root": {
    "criteria": {
      "always_true": "2024-06-24 19:35:08 +0000"
    },
    "done": true
  },
  "ars_nouveau:recipes/misc/rotating_spell_turret": {
    "criteria": {
      "has_journal": "2024-06-24 19:35:08 +0000"
    },
    "done": true
  },
  "ars_nouveau:recipes/misc/blue_archwood_wood": {
    "criteria": {
      "has_journal": "2024-06-24 19:35:08 +0000"
    },
    "done": true
  },
  "ars_nouveau:recipes/building_blocks/sourcestone_large_bricks_stone_cutterslab": {
    "criteria": {
      "has_journal": "2024-06-24 19:35:08 +0000"
    },
    "done": true
  },
  "minecraft:recipes/transportation/spruce_boat": {
    "criteria": {
      "in_water": "2024-06-24 19:38:27 +0000"
    },
    "done": true
  },
  "ars_nouveau:recipes/misc/manipulation_essence_to_granite": {
    "criteria": {
      "has_journal": "2024-06-24 19:35:08 +0000"
    },
    "done": true
  },
  "minecraft:husbandry/root": {
    "criteria": {
      "consumed_item": "2024-06-24 19:39:15 +0000"
    },
    "done": true
  },
  "minecraft:recipes/transportation/birch_boat": {
    "criteria": {
      "in_water": "2024-06-24 19:38:27 +0000"
    },
    "done": true
  },
  "ars_nouveau:recipes/misc/smooth_gilded_sourcestone_alternating_to_sourcestone": {
    "criteria": {
      "has_journal": "2024-06-24 19:35:08 +0000"
    },
    "done": true
  },
  "betterdeserttemples:root": {
    "criteria": {
      "always": "2024-06-24 19:35:08 +0000"
    },
    "done": true
  },
  "ars_nouveau:recipes/misc/manipulation_essence_to_grass_block": {
    "criteria": {
      "has_journal": "2024-06-24 19:35:08 +0000"
    },
    "done": true
  },
  "minecraft:recipes/transportation/oak_boat": {
    "criteria": {
      "in_water": "2024-06-24 19:38:27 +0000"
    },
    "done": true
  },
  "ars_nouveau:recipes/misc/greater_experience_gem": {
    "criteria": {
      "has_journal": "2024-06-24 19:35:08 +0000"
    },
    "done": true
  },
  "ars_nouveau:recipes/misc/smooth_gilded_sourcestone_mosaic_stairs": {
    "criteria": {
      "has_journal": "2024-06-24 19:35:08 +0000"
    },
    "done": true
  },
  "vampirism:recipes/transportation/cursed_spruce_boat": {
    "criteria": {
      "in_water": "2024-06-24 19:38:27 +0000"
    },
    "done": true
  },
  "ars_nouveau:recipes/misc/sourceberry_sack_to_bush": {
    "criteria": {
      "has_journal": "2024-06-24 19:35:08 +0000"
    },
    "done": true
  },
  "minecraft:recipes/building_blocks/coal_block": {
    "criteria": {
      "has_coal": "2024-06-24 19:41:09 +0000"
    },
    "done": true
  },
  "ars_nouveau:recipes/misc/basic_spell_turret": {
    "criteria": {
      "has_journal": "2024-06-24 19:35:08 +0000"
    },
    "done": true
  },
  "ars_nouveau:recipes/misc/smooth_gilded_sourcestone_small_bricks_stairs": {
    "criteria": {
      "has_journal": "2024-06-24 19:35:08 +0000"
    },
    "done": true
  },
  "ars_nouveau:recipes/misc/ritual_harvest": {
    "criteria": {
      "has_journal": "2024-06-24 19:35:08 +0000"
    },
    "done": true
  },
  "ars_nouveau:recipes/building_blocks/smooth_sourcestone_small_bricks_slab": {
    "criteria": {
      "has_journal": "2024-06-24 19:35:08 +0000"
    },
    "done": true
  },
  "ars_nouveau:recipes/building_blocks/sourcestone_alternating_stonecutter_stair": {
    "criteria": {
      "has_journal": "2024-06-24 19:35:08 +0000"
    },
    "done": true
  },
  "minecraft:recipes/transportation/mangrove_boat": {
    "criteria": {
      "in_water": "2024-06-24 19:38:27 +0000"
    },
    "done": true
  },
  "ars_nouveau:recipes/building_blocks/smooth_sourcestone_stone_cutterslab": {
    "criteria": {
      "has_journal": "2024-06-24 19:35:08 +0000"
    },
    "done": true
  },
  "ars_nouveau:recipes/building_blocks/gilded_sourcestone_small_bricks_slab": {
    "criteria": {
      "has_journal": "2024-06-24 19:35:08 +0000"
    },
    "done": true
  },
  "ars_nouveau:recipes/misc/archwood_stairs": {
    "criteria": {
      "has_journal": "2024-06-24 19:35:08 +0000"
    },
    "done": true
  },
  "ars_nouveau:recipes/misc/smooth_sourcestone_large_bricks_stairs": {
    "criteria": {
      "has_journal": "2024-06-24 19:35:08 +0000"
    },
    "done": true
  },
  "ars_nouveau:recipes/misc/scryers_crystal": {
    "criteria": {
      "has_journal": "2024-06-24 19:35:08 +0000"
    },
    "done": true
  },
  "ars_nouveau:recipes/misc/smooth_gilded_sourcestone_basketweave_stairs": {
    "criteria": {
      "has_journal": "2024-06-24 19:35:08 +0000"
    },
    "done": true
  },
  "ars_nouveau:recipes/building_blocks/stripped_red_archwood_wood": {
    "criteria": {
      "has_journal": "2024-06-24 19:35:08 +0000"
    },
    "done": true
  },
  "ars_nouveau:recipes/misc/enchanting_apparatus": {
    "criteria": {
      "has_journal": "2024-06-24 19:35:08 +0000"
    },
    "done": true
  },
  "totw_modded:root": {
    "criteria": {
      "sample_trigger": "2024-06-24 19:35:08 +0000"
    },
    "done": true
  },
  "ars_nouveau:recipes/misc/sourcestone_basketweave_stairs": {
    "criteria": {
      "has_journal": "2024-06-24 19:35:08 +0000"
    },
    "done": true
  },
  "ars_nouveau:recipes/building_blocks/smooth_sourcestone_alternating_slab": {
    "criteria": {
      "has_journal": "2024-06-24 19:35:08 +0000"
    },
    "done": true
  },
  "minecraft:recipes/food/cooked_salmon_from_smoking": {
    "criteria": {
      "has_salmon": "2024-06-24 19:41:12 +0000"
    },
    "done": true
  },
  "ars_nouveau:recipes/misc/dowsing_rod": {
    "criteria": {
      "has_journal": "2024-06-24 19:35:08 +0000"
    },
    "done": true
  },
  "ars_nouveau:recipes/misc/smooth_sourcestone_small_bricks_to_sourcestone": {
    "criteria": {
      "has_journal": "2024-06-24 19:35:08 +0000"
    },
    "done": true
  },
  "ars_nouveau:recipes/building_blocks/stripped_blue_archwood_wood": {
    "criteria": {
      "has_journal": "2024-06-24 19:35:08 +0000"
    },
    "done": true
  },
  "ars_nouveau:recipes/misc/sky_block": {
    "criteria": {
      "has_journal": "2024-06-24 19:35:08 +0000"
    },
    "done": true
  },
  "ars_nouveau:recipes/misc/orange_sbed": {
    "criteria": {
      "has_journal": "2024-06-24 19:35:08 +0000"
    },
    "done": true
  },
  "ars_nouveau:recipes/misc/blank_thread": {
    "criteria": {
      "has_journal": "2024-06-24 19:35:08 +0000"
    },
    "done": true
  },
  "ars_nouveau:recipes/misc/archwood_sconce": {
    "criteria": {
      "has_journal": "2024-06-24 19:35:08 +0000"
    },
    "done": true
  },
  "ars_nouveau:recipes/building_blocks/sourcestone_small_bricks_slab": {
    "criteria": {
      "has_journal": "2024-06-24 19:35:08 +0000"
    },
    "done": true
  },
  "ars_nouveau:recipes/misc/mycelial_sourcelink": {
    "criteria": {
      "has_journal": "2024-06-24 19:35:08 +0000"
    },
    "done": true
  },
  "ars_nouveau:recipes/building_blocks/smooth_sourcestone_small_bricks_stonecutter_stair": {
    "criteria": {
      "has_journal": "2024-06-24 19:35:08 +0000"
    },
    "done": true
  },
  "ars_nouveau:recipes/misc/water_essence_to_bucket": {
    "criteria": {
      "has_journal": "2024-06-24 19:35:08 +0000"
    },
    "done": true
  },
  "ars_nouveau:recipes/building_blocks/smooth_gilded_sourcestone_large_bricks_stone_cutterslab": {
    "criteria": {
      "has_journal": "2024-06-24 19:35:08 +0000"
    },
    "done": true
  },
  "enigmaticlegacy:book/relics/cursed_ring": {
    "criteria": {
      "has_items": "2024-06-24 19:35:08 +0000"
    },
    "done": true
  },
  "ars_nouveau:recipes/building_blocks/smooth_gilded_sourcestone_alternating_stonecutter_stair": {
    "criteria": {
      "has_journal": "2024-06-24 19:35:08 +0000"
    },
    "done": true
  },
  "ars_nouveau:recipes/building_blocks/smooth_sourcestone_mosaic_stone_cutterslab": {
    "criteria": {
      "has_journal": "2024-06-24 19:35:08 +0000"
    },
    "done": true
  },
  "ars_nouveau:recipes/decorations/sourcestone_6": {
    "criteria": {
      "has_journal": "2024-06-24 19:35:08 +0000"
    },
    "done": true
  },
  "ars_nouveau:recipes/decorations/sourcestone_5": {
    "criteria": {
      "has_journal": "2024-06-24 19:35:08 +0000"
    },
    "done": true
  },
  "ars_nouveau:recipes/decorations/sourcestone_8": {
    "criteria": {
      "has_journal": "2024-06-24 19:35:08 +0000"
    },
    "done": true
  },
  "ars_nouveau:recipes/decorations/sourcestone_7": {
    "criteria": {
      "has_journal": "2024-06-24 19:35:08 +0000"
    },
    "done": true
  },
  "ars_nouveau:recipes/decorations/sourcestone_9": {
    "criteria": {
      "has_journal": "2024-06-24 19:35:08 +0000"
    },
    "done": true
  },
  "ars_nouveau:recipes/decorations/sourcestone_2": {
    "criteria": {
      "has_journal": "2024-06-24 19:35:08 +0000"
    },
    "done": true
  },
  "ars_nouveau:recipes/decorations/sourcestone_1": {
    "criteria": {
      "has_journal": "2024-06-24 19:35:08 +0000"
    },
    "done": true
  },
  "ars_nouveau:recipes/decorations/sourcestone_4": {
    "criteria": {
      "has_journal": "2024-06-24 19:35:08 +0000"
    },
    "done": true
  },
  "ars_nouveau:recipes/decorations/sourcestone_3": {
    "criteria": {
      "has_journal": "2024-06-24 19:35:08 +0000"
    },
    "done": true
  },
  "farmersdelight:main/root": {
    "criteria": {
      "seeds": "2024-06-24 19:35:08 +0000"
    },
    "done": true
  },
  "ars_nouveau:recipes/misc/sourcestone_small_bricks_stairs": {
    "criteria": {
      "has_journal": "2024-06-24 19:35:08 +0000"
    },
    "done": true
  },
  "ars_nouveau:recipes/misc/sourcestone_small_bricks_to_sourcestone": {
    "criteria": {
      "has_journal": "2024-06-24 19:35:08 +0000"
    },
    "done": true
  },
  "vampirism:recipes/transportation/dark_spruce_boat": {
    "criteria": {
      "in_water": "2024-06-24 19:38:27 +0000"
    },
    "done": true
  },
  "ars_nouveau:recipes/misc/smooth_sourcestone_small_bricks_stairs": {
    "criteria": {
      "has_journal": "2024-06-24 19:35:08 +0000"
    },
    "done": true
  },
  "ars_nouveau:recipes/misc/sourcestone_sconce": {
    "criteria": {
      "has_journal": "2024-06-24 19:35:08 +0000"
    },
    "done": true
  },
  "ars_nouveau:recipes/misc/ring_of_potential": {
    "criteria": {
      "has_journal": "2024-06-24 19:35:08 +0000"
    },
    "done": true
  },
  "ars_nouveau:recipes/misc/allow_scroll": {
    "criteria": {
      "has_journal": "2024-06-24 19:35:08 +0000"
    },
    "done": true
  },
  "ars_nouveau:recipes/misc/magebloom_fiber": {
    "criteria": {
      "has_journal": "2024-06-24 19:35:08 +0000"
    },
    "done": true
  },
  "ironfurnaces:coal": {
    "criteria": {
      "rainbowcoal": "2024-06-24 19:35:08 +0000"
    },
    "done": true
  },
  "ars_nouveau:recipes/misc/smooth_gilded_sourcestone_alternating_stairs": {
    "criteria": {
      "has_journal": "2024-06-24 19:35:08 +0000"
    },
    "done": true
  },
  "ars_nouveau:recipes/misc/wilden_summon_alt": {
    "criteria": {
      "has_journal": "2024-06-24 19:35:08 +0000"
    },
    "done": true
  },
  "ars_nouveau:recipes/misc/ritual_conjure_island_plains": {
    "criteria": {
      "has_journal": "2024-06-24 19:35:08 +0000"
    },
    "done": true
  },
  "ars_nouveau:recipes/misc/sourcestone_alternating_to_sourcestone": {
    "criteria": {
      "has_journal": "2024-06-24 19:35:08 +0000"
    },
    "done": true
  },
  "ars_nouveau:recipes/misc/sourcestone_mosaic_to_sourcestone": {
    "criteria": {
      "has_journal": "2024-06-24 19:35:08 +0000"
    },
    "done": true
  },
  "ars_nouveau:recipes/misc/gilded_sourcestone_basketweave_stairs": {
    "criteria": {
      "has_journal": "2024-06-24 19:35:08 +0000"
    },
    "done": true
  },
  "ars_nouveau:recipes/building_blocks/sourcestone_alternating_slab": {
    "criteria": {
      "has_journal": "2024-06-24 19:35:08 +0000"
    },
    "done": true
  },
  "ars_nouveau:recipes/misc/ritual_challenge": {
    "criteria": {
      "has_journal": "2024-06-24 19:35:08 +0000"
    },
    "done": true
  },
  "minecraft:recipes/misc/iron_nugget_from_blasting": {
    "criteria": {
      "has_iron_sword": "2024-06-24 19:39:25 +0000"
    },
    "done": true
  },
  "ars_nouveau:recipes/misc/gilded_sourcestone_alternating_to_sourcestone": {
    "criteria": {
      "has_journal": "2024-06-24 19:35:08 +0000"
    },
    "done": true
  },
  "vampirism:recipes/alchemy_table/alchemy_table/plant_oil": {
    "criteria": {
      "has_wheat_seeds": "2024-06-24 19:37:51 +0000"
    },
    "done": true
  },
  "minecraft:adventure/adventuring_time": {
    "criteria": {
      "minecraft:windswept_hills": "2024-06-24 19:38:08 +0000",
      "minecraft:cold_ocean": "2024-06-24 19:40:59 +0000",
      "minecraft:forest": "2024-06-24 19:38:24 +0000",
      "minecraft:ocean": "2024-06-24 19:43:07 +0000",
      "minecraft:windswept_gravelly_hills": "2024-06-24 19:37:01 +0000",
      "minecraft:plains": "2024-06-24 19:35:09 +0000"
    },
    "done": false
  },
  "ars_nouveau:recipes/misc/scry_to_blank_parchment": {
    "criteria": {
      "has_journal": "2024-06-24 19:35:08 +0000"
    },
    "done": true
  },
  "ars_nouveau:recipes/misc/alteration_table": {
    "criteria": {
      "has_journal": "2024-06-24 19:35:08 +0000"
    },
    "done": true
  },
  "ars_nouveau:recipes/misc/experience_gem": {
    "criteria": {
      "has_journal": "2024-06-24 19:35:08 +0000"
    },
    "done": true
  },
  "ars_nouveau:recipes/misc/conjuration_essence_to_end_stone": {
    "criteria": {
      "has_journal": "2024-06-24 19:35:08 +0000"
    },
    "done": true
  },
  "ars_nouveau:recipes/misc/yellow_sbed": {
    "criteria": {
      "has_journal": "2024-06-24 19:35:08 +0000"
    },
    "done": true
  },
  "minecraft:recipes/misc/wheat": {
    "criteria": {
      "has_hay_block": "2024-06-24 19:38:02 +0000"
    },
    "done": true
  },
  "ars_nouveau:recipes/building_blocks/smooth_gilded_sourcestone_mosaic_stonecutter_stair": {
    "criteria": {
      "has_journal": "2024-06-24 19:35:08 +0000"
    },
    "done": true
  },
  "minecraft:husbandry/balanced_diet": {
    "criteria": {
      "bread": "2024-06-24 19:39:15 +0000"
    },
    "done": false
  },
  "ars_nouveau:recipes/misc/ritual_wilden_summon": {
    "criteria": {
      "has_journal": "2024-06-24 19:35:08 +0000"
    },
    "done": true
  },
  "ars_nouveau:recipes/misc/ritual_conjure_island_desert": {
    "criteria": {
      "has_journal": "2024-06-24 19:35:08 +0000"
    },
    "done": true
  },
  "ars_nouveau:recipes/misc/mirrorweave": {
    "criteria": {
      "has_journal": "2024-06-24 19:35:08 +0000"
    },
    "done": true
  },
  "ars_nouveau:recipes/misc/magebloom_to_pink": {
    "criteria": {
      "has_journal": "2024-06-24 19:35:08 +0000"
    },
    "done": true
  },
  "enigmaticlegacy:recipes/generic/the_twist": {
    "criteria": {
      "has_parent_recipe": "2024-06-24 19:35:08 +0000"
    },
    "done": false
  },
  "enigmaticlegacy:recipes/generic/xp_scroll": {
    "criteria": {
      "has_items": "2024-06-24 19:39:52 +0000"
    },
    "done": false
  },
  "ars_nouveau:recipes/building_blocks/smooth_sourcestone_alternating_stone_cutterslab": {
    "criteria": {
      "has_journal": "2024-06-24 19:35:08 +0000"
    },
    "done": true
  },
  "ars_nouveau:recipes/misc/magebloom_block_to_magebloom": {
    "criteria": {
      "has_journal": "2024-06-24 19:35:08 +0000"
    },
    "done": true
  },
  "minecraft:story/root": {
    "criteria": {
      "crafting_table": "2024-06-24 19:38:56 +0000"
    },
    "done": true
  },
  "ars_nouveau:recipes/building_blocks/sourcestone_mosaic_slab": {
    "criteria": {
      "has_journal": "2024-06-24 19:35:08 +0000"
    },
    "done": true
  },
  "ars_nouveau:recipes/misc/sourcestone_large_bricks_stairs": {
    "criteria": {
      "has_journal": "2024-06-24 19:35:08 +0000"
    },
    "done": true
  },
  "ars_nouveau:recipes/misc/agronomic_sourcelink": {
    "criteria": {
      "has_journal": "2024-06-24 19:35:08 +0000"
    },
    "done": true
  },
  "minecraft:recipes/transportation/dark_oak_boat": {
    "criteria": {
      "in_water": "2024-06-24 19:38:27 +0000"
    },
    "done": true
  },
  "ars_nouveau:recipes/building_blocks/sourcestone_mosaic_stone_cutterslab": {
    "criteria": {
      "has_journal": "2024-06-24 19:35:08 +0000"
    },
    "done": true
  },
  "ars_nouveau:recipes/misc/smooth_gilded_sourcestone_mosaic_to_sourcestone": {
    "criteria": {
      "has_journal": "2024-06-24 19:35:08 +0000"
    },
    "done": true
  },
  "DataVersion": 3465
}